t/s,v/(m/s),β [°],n [rpm],M [Nm],Pmech [W],Ugen [V],Igen [A],Sgen [VA],Pgen [W],Qgen [var],Ulsc [V],Ilsc [A],Slsc [VA],Plsc [W],Qlsc [var],Stot [VA],Ptot [W],Qtot [var]
0.016979549618030366,12.520504058635966,0.005565107036651445,2280.005721571841,4.9317505969041715,1179.4658291389087,314.81955692999304,1.225450784207343,684.5491740302998,684.3550605853977,-16.17607971782262,315.3606036513244,0.1227210759865318,59.0843923871778,59.06921593993534,-1.7348550241640317,743.6291532039302,743.4104281681479,-17.909384608873843
0.2103633191908729,12.506447660565579,0.017365205074218768,2280.9879838752304,4.986058021939499,1191.9306730035596,315.018771684937,1.2440607643593213,681.6875510580941,681.525501614336,-14.62048481595317,315.4250301945815,0.11393021720629322,59.52574603140311,59.492834182773805,-1.830243535102039,741.2019863601939,741.032889016677,-16.453216725151847
0.45283279476977895,12.498172732202411,-0.004971839405678565,2279.9973648186624,4.964077836523662,1181.8647604661044,318.55580339326247,1.20176887297047,675.5459938986951,675.4118743792174,-13.642697778561987,319.155345569593,0.11509617282884535,59.350044566725224,59.350647376047895,-1.4237771387010194,734.9079715411234,734.7596926673915,-15.055407016313303
0.7403880259523581,12.49852929934466,-0.018883716249591353,2280.9974831915556,5.0185084174657515,1196.7206453127444,318.0657721383439,1.2166538077180522,680.5175118965828,680.3712820081288,-15.15115046602586,318.6150520447051,0.11243178215672615,58.90876063859327,58.88554374349766,-1.727601199260054,739.4429593686061,739.2562719650979,-16.844406252677288
0.9600831455829242,12.503848681215354,0.0023312709653121695,2279.983637066147,4.94666050026026,1181.8726092614959,317.56985376458056,1.2215740442792433,680.5729381318412,680.4514604165496,-11.891746827170492,318.2211446166501,0.12166963179597086,58.852194815119255,58.83057848434362,-1.5751700743110346,739.3969900581777,739.2651528285153,-13.477759133965431
1.2250859979878093,12.491383976296232,-0.006261544040594932,2279.9978414922834,5.030162826977084,1198.5827213757066,313.8481596652611,1.2155034793687425,679.2433488455838,679.0695418395404,-14.240463338065297,314.27333904070235,0.11064476854778497,60.34889530468627,60.34449289697072,-1.7306986890595406,739.604586580675,739.4516729322228,-15.966332565041647
1.463021986895409,12.4995238324303,0.00710616824631552,2280.016336489739,4.936543293953075,1181.8732395341153,318.25045357067586,1.2385086897493185,679.192596607621,679.0550197753154,-14.57852654730195,318.74665432262816,0.10684901622108006,59.19690161753843,59.171827132091295,-1.942243727350497,738.3771867784011,738.2089348786591,-16.530377176068228
1.7188021394324888,12.494138070105507,-0.0027697964463304072,2279.9983507943025,4.9997399340458415,1191.4130033670754,318.4125704888443,1.2095772842726114,680.4924064958901,680.3574388463627,-14.114776245335753,319.00383324183224,0.09182925188671127,59.1494158399241,59.108879148916984,-1.714160911772543,739.6201496771679,739.4579283491234,-15.804975094289906
1.9651461138734734,12.494025258609627,-0.005759997986396885,2279.994300824925,4.953361543194641,1186.6313745531734,313.7766292574466,1.2279712807710634,683.3710798794049,683.2157425886139,-15.925723387601703,314.24037942322,0.10492302499827859,59.28877464680435,59.260210102922805,-1.8828137124049986,742.6857677673116,742.4764053042795,-17.811334943725594
2.212508744744964,12.48927313703354,0.009238864169914224,2280.0156435869962,4.994613036148425,1186.6519507473586,316.5550289239602,1.2152990326412514,677.1576547021516,677.0615069117445,-11.114118530506303,317.0168393917702,0.09825369550000071,60.25067046374893,60.211817761715736,-1.9355873062424123,737.407319500245,737.2705292683607,-13.043137467428446
2.4716444438915715,12.478157468957646,0.016681847140949658,2279.9850977828705,4.933987730154228,1181.8719649998006,319.51904179667076,1.220703254115311,680.9682917817536,680.8254370170418,-13.980719726803606,320.1608169281901,0.1113137800567612,58.90782092844827,58.867732295594934,-1.4497442904408762,739.8607296286237,739.7157500081545,-15.421271413047593
2.7202432597350983,12.502457218113259,0.009602333121975866,2278.9920961455414,4.997830142760982,1195.6766876053684,311.10185098054365,1.2179853470650794,680.0785408554281,679.8943222496127,-15.422734390088838,311.5861966143457,0.10235446767315312,60.31999232608366,60.289976174466474,-1.7845356517497324,740.394820652792,740.2040869805878,-17.219942753731637
2.9516349877717714,12.500757961441375,-0.0031377303269828584,2279.9873323259044,4.979020299527628,1189.038659791928,316.1688887279172,1.2407606741955401,682.5037760188522,682.3190749522722,-15.763670465484674,316.6052653269454,0.12015892831242155,58.80462931483565,58.78012859713523,-1.7569358109515993,741.3194540423574,741.1011636770188,-17.52271882146346
3.2265836532246497,12.498430781428429,-0.004280267015263619,2279.006137911293,5.03973118685535,1205.2177216199254,318.1222336437549,1.2008003054449572,676.4887850868698,676.3074389915896,-14.196586634955272,318.6595848865803,0.10503170202742936,59.663502456180126,59.65949105849374,-1.5614069241061164,736.1344419133512,735.9854320147961,-15.776430186055924
3.4642268982987257,12.505782119705259,0.013533806604553854,2280.01027694149,4.959042682416678,1179.4627552183192,311.3346462704333,1.2045425483456986,682.26368931065,682.0398847825323,-16.520859579500772,311.82055781802603,0.12561271566891702,60.681349029681705,60.666356373293105,-1.516059347750497,742.9339139861288,742.7305185558841,-18.025472818170428
3.7251454807432762,12.486112762475512,-0.005054311350469008,2279.9981804637205,5.0292457955232,1198.5780156930987,314.41151133406146,1.2223050341535677,680.8685204806845,680.7007718108246,-15.180436511856335,314.83536100243714,0.10690228287370186,60.1171427681018,60.119980652947426,-1.8269479747759512,741.0041923469579,740.8012189727741,-17.004868288880004
3.9564416293161173,12.510559043981464,-0.0013291278749022483,2279.9983016468605,4.98358441906843,1186.6377284791954,318.3654924806017,1.2282377132432842,683.9318353873051,683.767022072789,-14.947749518297716,318.88081039720066,0.11581109743713419,58.73258665967821,58.732991073046314,-1.651742301008781,742.6919051651108,742.5000047478654,-16.617663955123707
4.227239316244953,12.506088310380914,0.0032022917094247007,2279.0102401076106,5.001228475290344,1190.8872921004522,317.50707817119167,1.2231735678230498,679.4646146767335,679.3239943366532,-13.943351526432371,318.1766621206514,0.09938490822373292,58.384298865144366,58.36797826686682,-1.1964012523141234,737.8474280601152,737.6915336595514,-15.132732923571973
4.476960372882816,12.496950768921298,0.0077137230345902435,2280.0063100294897,4.940828728992491,1177.0836893775604,312.81659013965543,1.228859136951125,683.1633418559952,683.0262501400983,-13.17201932190264,313.2738351438617,0.09813629227781612,59.59738238190559,59.56863700535952,-2.1251363914001105,742.77631890607,742.5971616491533,-15.30241230855007
4.739383441093379,12.490578612044182,-0.011346449768021538,2279.9785187128778,5.000559549728258,1196.1808971119356,317.73491770849347,1.2384696441641703,674.6625224522606,674.5412217925249,-12.470031065052627,318.2696532600071,0.10626538005414925,59.53071185196651,59.50692242886108,-1.499125394541749,734.1717652112299,734.0601410522461,-14.010302342853691
4.970799999607926,12.513089314488498,-0.001593737531714118,2279.9870310037395,4.938433039792713,1179.504210453176,318.35972939432935,1.2123103329064673,680.3848341124851,680.2129990667968,-15.649813402761545,318.9987040881684,0.11784681617339726,59.393792945033894,59.37624683981087,-1.5932314513315922,739.8072833039453,739.5993036054674,-17.24899834797583
5.227235274698623,12.498882828721294,-0.001021962666476096,2280.000251051987,5.022064363430571,1200.978353244655,313.4750287239097,1.2120642637634857,677.3120007308878,677.1790669936224,-13.590476526872962,313.9660364810536,0.11635629282075151,60.091086501306684,60.045222405001795,-2.111849336841206,737.4240079327101,737.2509805690804,-15.68746613688097
5.438402055216119,12.481784359562193,-0.018354146532426122,2287.0056949149644,4.763573427107924,1142.3937970455843,267.43337699779795,0.9521048680228461,572.4937500166386,569.3545301233006,60.09114313852226,267.9744346770092,0.5022283381734106,198.64244240016387,22.526766338400517,197.37236426374537,645.4513651054024,591.8557376605737,257.4515319547148
5.721798352285891,12.501476924819812,0.3296211392317113,2291.9908932790545,4.762832312175391,1144.892161233278,266.7458151610117,0.9592689365304723,584.7680724321373,581.8492803413201,58.32671693926627,267.24185792759647,0.4957898218712499,197.41928428960688,27.181816967986368,195.53776938307672,659.8084666056432,609.0218826655442,253.86264551494997
5.973255163984581,12.501354764868605,-0.03583176404915906,2275.9901735038948,5.506248273519872,1313.2561283810448,308.3905005619824,1.5424745049759327,774.2875543514647,774.2993166784323,1.9281603686769668,308.71085302789305,0.148177235912777,72.95759339044317,72.91316571090897,-2.9259022457328636,847.1870415910937,847.1891937634479,-0.9968345578335028
6.252804303349966,12.509005510052157,-0.0040836967476984,2276.996935378641,4.546369976054086,1087.3270416792395,308.8066002302798,1.3000318633594745,649.8641292059086,649.8218785854303,8.092377297485026,309.18524325963,0.0906398923970554,54.9861135211971,54.950410769027414,-1.5414233260415993,704.8085709607388,704.7467492604723,6.547833056784672
6.4716629568653,12.508568992242385,0.0013479538724327253,2281.0031949749214,5.107468224400126,1222.995358125642,303.5519779496859,1.2786052306585578,662.2596205212425,662.2642361328336,-0.7651337777193647,303.9637686616892,0.11419181149791012,57.6517208081426,57.65055480057511,-1.1786601476186664,719.9120753914474,719.9114775737548,-1.9400713304271082
6.744071106734347,12.512604933915691,-0.008860401658304672,2278.004786413174,5.067229810589115,1207.0650324295598,304.8135152443606,1.3448458793489355,691.7298733882833,691.7063697069934,-3.184203504145281,305.1689327281244,0.10816822781985239,60.39328306452408,60.37740235687432,-1.7347746648719493,752.0925467036021,752.0697027098558,-4.912488647530885
6.974872592590217,12.490684908682656,0.00560045836755242,2278.010620163997,4.906393131006572,1168.89497728964,304.49435040739047,1.3095221226076845,666.3086870823404,666.3033471340957,-1.300821285033102,304.87780692901043,0.128802176594624,58.57627463798468,58.547571828583585,-1.4936344414838953,724.8622963552933,724.8711798844937,-2.8155261256769926
7.228986237496826,12.489846998542575,-0.008212391748085576,2277.986552942006,5.038566246488554,1202.2976585707188,305.24172691832615,1.3478834912583204,684.2886028884867,684.2802754786403,-3.9720396536802616,305.7064376624828,0.1138243288365747,60.145828080139495,60.10746334619403,-1.678598554847948,744.4047772749014,744.3893368770979,-5.627313440100018
7.47178139412531,12.496159902978713,0.011636910313657182,2277.0108957684934,4.982660468250503,1185.0768933130596,304.9931081811855,1.3236332910385358,677.1187359222467,677.1149051179978,-5.409128646454277,305.414119933473,0.11033202691078882,58.81557528549778,58.8149711891649,-1.734111987080165,735.9684594676894,735.9372584368963,-7.1330409328652005
7.736869513481646,12.503748321216174,0.010416976183589942,2278.0018590376876,5.037464855908668,1199.9134204574307,305.113144860563,1.3183542603200267,680.0220317323174,680.007584386016,-6.269931375242338,305.4789273203279,0.11845425371599558,59.73367683952546,59.70106588802205,-1.9516557157099614,739.7707829686339,739.7284861930917,-8.201433835824027
7.957066733218188,12.49494551509603,0.014932335681334476,2278.9992321569143,4.982514215230863,1186.1130572475097,304.94476379810135,1.3141533737914197,677.5497814585937,677.5010217475556,-6.520344200251874,305.3738552563288,0.13395951382761018,59.71982903757563,59.66519874677191,-2.044426547379631,737.2199890516175,737.1870074317399,-8.576415683019572
8.220263096230273,12.509372582279196,-0.0003606837013710859,2277.9963712774684,4.99909517559236,1190.366322152658,304.3046176620301,1.3370421514095168,676.8845319239102,676.8408196894545,-7.801691896092492,304.7226234897899,0.10867725617851506,60.11864720428915,60.08220950873907,-2.1299285856389063,737.0084907064531,736.926261560945,-9.92463447755674
8.47911280583424,12.499662124652623,0.006085729489892904,2278.9876434959347,4.960628683320426,1183.737352231011,304.8050962902971,1.3204170880521071,674.6057442368943,674.5554598334397,-7.8712334585403365,305.2355467653183,0.1016640781211063,59.81222705315286,59.78600414393544,-1.9168393354413311,734.4077878823739,734.3355543568686,-9.776205675781982
8.719661303733773,12.49802225444182,-0.0031463187933715546,2278.9998807327406,5.0584365379612315,1209.9833154115142,305.2398415795221,1.330926598291899,678.5197738969049,678.4485370304294,-8.120623360374802,305.6473444877267,0.1166680134909845,60.39766866901385,60.3558303475638,-1.7782628170231054,738.8772481407273,738.824401769737,-9.878462741878012
8.961114601985347,12.501784866609775,-0.01048565262025756,2278.993386161091,4.9591676717158775,1183.7486966281936,304.08010562040295,1.32375021498564,680.2546149838348,680.1868724443771,-7.790515532128937,304.4502311665395,0.10950959001523417,61.40811872953647,61.396577112769165,-1.4333392935686176,741.6475720372072,741.6159405352262,-9.194453685304751
9.204920815735074,12.502159878541717,-0.009152900782987859,2278.9966079262367,5.0604616742353725,1207.5956658126452,304.66020742920773,1.309241595931157,677.9141090827985,677.8618593522007,-8.950815705399501,305.073292524177,0.11326656520787469,60.413951957642645,60.40990474869183,-1.6150311085814397,738.3166354319093,738.2556291478166,-10.588191509920449
9.45018525104843,12.500009367727872,-0.01394896930294083,2279.0073492766146,4.962657671082618,1183.7397265302975,304.69498872997764,1.3091493846580373,681.132765532842,681.0671680535063,-10.39620235515213,305.1371612416636,0.10352356362927526,60.39519862729436,60.364796846471876,-1.6337068455010662,741.5392070674491,741.4135303377761,-12.02848569656771
9.724284962463116,12.48256478209425,-0.008707870401943865,2279.0201867201413,5.052513319635972,1205.2082003737598,305.0657664080063,1.3356211684364985,682.6341964855508,682.5665711856908,-10.114698417042938,305.4568850029983,0.09307606291414253,61.02229323307504,60.99584003319657,-1.7194573950167007,743.683508336002,743.5936985119038,-11.812582795536313
9.97224002658789,12.512561189096845,0.010070700278441543,2277.993432962552,4.9673628275013035,1192.757960236703,304.6401991217238,1.30614833810492,677.3729406915855,677.2990184597019,-9.840030331476566,305.01966306393786,0.11829418435819414,60.97541235718392,60.957089735267836,-1.782417700684034,738.338699831788,738.2312681651979,-11.655227311630007
10.219921750364978,12.498857822290834,0.0073769611933925585,2279.0064970337226,5.053846130563864,1205.1955508851179,305.4342806899373,1.3111629815897268,676.9102090580029,676.8324314695816,-10.858706022360916,305.83801537139203,0.10703798924523118,61.26683355192864,61.23478884806266,-1.856168280499834,738.1659896191572,738.0659880003598,-12.716640869155357
10.454216738388675,12.491407521478175,-0.013011232457688177,2277.995140637756,4.992059998219315,1190.3658959519125,305.0397900305534,1.3122877183260069,676.0050767224795,675.9288247175188,-10.620930599683682,305.450126725787,0.1236830230838496,61.276935495166285,61.239720770864544,-2.1320073241179336,737.2840748088825,737.1786671937701,-12.776056564088384
10.713760806865944,12.50174253815202,0.004543056995539376,2278.990923730037,5.038625508217794,1202.8176923143533,304.19876873780936,1.3119468004832069,679.4751112292034,679.4037277850497,-9.816511076537704,304.64902108395745,0.12054317451476981,60.72057578216117,60.692626007586625,-1.7683259012461028,740.2117815090975,740.1012323535975,-11.59450709199053
10.962065946597273,12.491767618650737,0.01743539746509614,2278.9977844711125,5.015790814359833,1195.6757856545094,304.70828818485245,1.3147573914673762,675.4705053284632,675.4268420820003,-8.669072113684898,305.1369708031928,0.11471369467401904,61.37638782037574,61.35365126116853,-1.7003927928949345,736.8364050156061,736.7681099455696,-10.391324566745274
11.234612102211878,12.503300571975746,-0.011428596797826774,2277.997886081841,5.059713407944473,1207.0606711589944,305.71617762656723,1.335598463543523,679.5944235169505,679.5251504986912,-11.202974557073752,306.13559771605884,0.1041838361048315,60.646914768775446,60.616481160259625,-1.9646899120576726,740.2568806152764,740.1320245642053,-13.16169628729047
11.472128208248467,12.495210233781277,0.008148829541887018,2278.0205144791826,5.003255169357906,1195.1284451752997,304.96106399510467,1.3185064310885035,676.6693627172643,676.5859405368872,-10.646985158983101,305.37034874428764,0.11689246899011518,61.33994352797669,61.31133724879732,-1.488172672561398,738.009803116037,737.9077636862339,-12.132658312592076
11.704805856213795,12.499028927778866,0.006907240362288413,2278.0127707852553,5.058462424787871,1207.0576692684717,305.3594940093791,1.3277550832129448,679.2512600355408,679.1725873512555,-12.05683233016476,305.81406704559816,0.11794383472844246,61.12851362622132,61.09261176302054,-1.8574625902864874,740.3759139670185,740.2569542370035,-13.897003722455013
11.967288035235898,12.494839322221178,-0.002133809534900691,2278.0064000503644,5.012535890600066,1195.1441931688555,305.3039346988807,1.3235767725917071,678.0767168382827,677.9789743293229,-10.548236502779064,305.7212562298268,0.12291194426245011,61.187171556468634,61.15981249436838,-1.5862482084498373,739.2537990186001,739.1583167425507,-12.115983750658163
12.199651783575275,12.495293895441273,-0.02048667551089568,2280.0163225122724,4.959125740360891,1184.2653168220522,304.65221709428107,1.327899695474289,678.118213699508,678.009434273732,-12.386012286018767,305.136199913447,0.1221275699256992,60.69785093465087,60.66723163742336,-2.035971939623687,738.8351933184784,738.7060660969438,-14.403971737785406
12.464779909051492,12.502372055257208,0.004285407937070867,2280.0071348248507,4.972882019998618,1191.4167978309656,310.7773386217337,1.3639196888942435,685.4121376981286,685.2486541567273,-13.82247451676256,311.141381295838,0.10873736539016603,60.810040051444666,60.8211457155832,-0.9186118816628903,746.2254873174118,746.0718352896777,-14.736823343422248
12.69812577415976,12.498194288398581,0.007101325022094473,2282.000554171356,4.9567441171978786,1185.2936195849709,306.9261850884886,1.2887426158707427,676.0015884440076,675.8908845951149,-12.997168864943058,307.3878639819994,0.09669926015218996,59.81990235175919,59.81344488572925,-1.2716822771892995,735.8360604878966,735.6819723184259,-14.27139053309717
12.912002848383652,12.506073785229075,0.004889529261665954,2281.0255034000047,4.956141774609107,1180.001340630593,305.63270254669595,1.3563545052913664,684.8844436834498,684.7839724152515,-11.820958167472119,305.9952036831695,0.1185759106428943,60.44327493314873,60.40804739364855,-1.866859525690447,745.3131896454449,745.182728506177,-13.691599503849938
13.175751559985535,12.500539621245474,0.01130392644302645,2281.020033594598,4.999636513573875,1194.3204482893193,301.44002839576774,1.3180350357506005,678.6826452658565,678.6017765803309,-10.395627808163834,301.8566596187307,0.12915683949556825,60.34424967023274,60.34154424210622,-0.8730398149222179,739.0260032537475,738.971082294365,-11.25637007417301
13.406322981816091,12.519156268581625,0.0006569161518426952,2280.996760610116,4.960495358208762,1182.3858350035684,309.81788241817037,1.3451310965910737,681.2522655110304,681.1805298050272,-11.592696705911923,310.42212330489116,0.11324037923748045,60.43728251852039,60.43429246927453,-1.2335314249513827,741.7175298386661,741.5970976336996,-12.811823045778889
13.639624264040293,12.504178933919261,-0.00464846921211571,2280.9953398029775,4.901614352799265,1175.223990447087,304.8021071085726,1.3312132656128048,680.6929543907652,680.5747874797986,-12.934874417694191,305.2923466904315,0.09464933183420002,59.27840796203249,59.29481448646607,-0.6038544025347202,739.9740876840858,739.8496661394765,-13.526368931641285
13.885156949917443,12.502225498644705,0.013411588147383283,2280.015989435326,4.967028422134908,1189.020861827332,311.6553848894374,1.356292486726152,686.9537374356134,686.7707991294056,-15.757422135700658,312.17819458597614,0.12292516986204871,58.56508095866466,58.55046576564,0.021590919744465215,745.4886568380363,745.3325079780151,-15.731507325522013
14.064272385246788,12.515137437190566,0.0045487516841644995,2281.0015212102135,4.933213831769574,1175.230182483304,307.9706808029637,1.339859053472503,681.1649751972769,681.0220083894162,-13.68220939669325,308.3227393797036,0.12216583638486964,60.679377452019025,60.67918545817036,-1.372774763735579,741.8488891149541,741.700306663899,-15.056753177314388
14.323142266813106,12.496587742222797,0.0027964517728166207,2280.986306905952,4.942275991460258,1182.4004215351854,312.44982252733195,1.3232373391535335,680.0486283772896,679.8869844027294,-14.965011378084512,312.95341487909513,0.11420483286730923,60.29697120007269,60.2767372928136,-0.576119635640746,740.3333881388996,740.171036696352,-15.534050869074226
14.5320432226416,12.517199730213749,-0.008751612131211537,2280.986661361965,4.942536874472313,1184.7777526258876,307.5072525588977,1.334634911559259,680.5642320486069,680.4363773121314,-13.45535022000325,307.85476998055805,0.10021959441100632,61.37137695885245,61.3769726766163,-0.4499196430582836,741.9318836827366,741.7988138779062,-13.883837296502437
14.782470807600548,12.489104535741431,0.004809324970316244,2279.0039075415007,5.013339422556723,1195.6717149343729,308.3545641993537,1.3596814264161101,683.5377535984957,683.4729915592486,-8.12950449974441,308.6587520070635,0.10483530832112734,61.24287667546628,61.240077728745966,-0.9205826928990257,744.7928217566646,744.7223839474125,-9.06645095598285
14.973260129151752,12.486324479712167,0.009416374065645475,2280.9966453165234,4.976512807404458,1189.5459149262806,303.2386285521718,1.3271554845398372,681.1911830237715,681.106894694501,-10.957087076098022,303.49478831657575,0.11112219738837606,61.384586890576,61.350358717720596,-0.8470758325529385,742.5560507292628,742.4541760361778,-11.822405503575263
15.186574537610431,12.506728891677303,0.0008521057961519171,2279.9995824126277,4.966376542451216,1189.021455460506,304.992915250922,1.342694316495812,682.666691357704,682.5471196452264,-11.900579748687589,305.3332098659796,0.10544847818992824,59.52151925279293,59.51358936496429,-0.0333262734374663,742.1760806533518,742.0960279645672,-11.933242928705
15.448693137093814,12.501475848982123,0.0038545521330773094,2278.994916333859,4.992735148020328,1190.9018867819643,307.77073647748455,1.334721070196024,684.8109799579375,684.7052217089471,-12.788016496735873,308.33953600161914,0.11043898596852393,58.86565596754443,58.83463816871348,-0.9326793326096731,743.6788409045631,743.547076855487,-13.74643183020042
15.646134010493164,12.50138080543302,0.01081699094751993,2280.003259401047,5.029640454663021,1200.953219396356,309.9293052417248,1.336553254183168,680.8476416294072,680.7346001362954,-11.215688163972988,310.4141805513264,0.10829391749828449,59.81260527574453,59.82168459895083,-0.6255893854404102,740.658867600462,740.5788547182383,-11.829687724204117
15.912862455063648,12.509682705363579,-0.0030917401957528037,2280.991739837297,4.934968147631101,1177.5945947053315,304.63728144375074,1.370241409837358,686.243694640932,686.159226137342,-10.52917359581877,304.94128904478805,0.12529165591287758,60.26245158014987,60.236995239749284,-1.6474632884235143,746.5163222041866,746.404985469477,-12.161573599620507
16.16896294034973,12.490393476480785,0.00032484279350418027,2279.9851088645073,4.974990962362298,1191.4178444008285,306.04445550774227,1.34942912214889,680.8475435708981,680.7924171978475,-8.464854725220565,306.31851962587297,0.10206403034834474,60.820642568032675,60.771120584764375,-1.3918325167629615,741.6405488583313,741.5952516133752,-9.849742840979264
16.399165761355,12.51312334916163,-0.007202291568602262,2279.9890010374934,4.969288929908223,1184.2603741246323,308.0238033609241,1.326418537224612,683.1597142715058,683.0743040884543,-10.427574011150323,308.3882330464977,0.11141889328095024,61.2856829045371,61.298158595544045,-0.7404781595337654,744.4542533093933,744.3835402099428,-11.166371102565815
16.63315136718986,12.50152528748884,0.0023258043934022334,2281.9839180609238,4.9744401533186595,1190.059374535817,307.4761492320136,1.3662308676590835,687.027764789966,686.8916604637977,-13.3068666935578,307.7815886574869,0.110470040589184,60.02785027983701,60.01312398686954,-0.7045955153022938,747.0238947035147,746.9135273988779,-14.026748948075252
16.830874532312855,12.504093793877452,-0.006063252060358636,2280.000171535558,4.973087639778822,1191.4423494532184,300.4329905613028,1.3071403804235426,674.4244363501442,674.3545662747283,-8.253139499306572,300.9522501100141,0.11414985034370159,58.698638623907726,58.67786621452125,-0.8951177245000156,733.132446971627,733.0431488964734,-9.133145878253552
17.05467242358633,12.491246096881751,0.0003367865541261855,2278.9986645943445,4.982803073845526,1186.1220525009176,312.9734202701758,1.3515547977320277,682.766691673115,682.6957926233749,-11.115221233132514,313.4329923609122,0.10894919960614434,60.44039066396848,60.40580093553278,-1.6987537919646254,743.205169133257,743.0904346059413,-12.811688810534932
17.250285173443647,12.504044321347383,0.003975291213924579,2280.0020961345126,4.934488611698823,1179.4766918334724,307.5127931935766,1.369467477902243,685.0705443479205,685.0135594140352,-9.324306804555492,307.76776294503037,0.11998274959306127,59.712932687757856,59.711324144193654,-0.9347378770616939,744.7895565972638,744.7151963630212,-10.240320876066368
17.470324290019068,12.5115310047433,-0.009333933533112194,2280.0085078925476,4.903672821048499,1177.0830430803487,309.72400034001015,1.3590492990664125,685.3302700554456,685.2462828766517,-12.144075344591133,310.00863119109994,0.12245165326022858,60.745206741375334,60.73563077617836,-0.769539297892184,746.0662211195997,745.9672198392211,-12.942992968278936
17.68251231130734,12.492790136047043,-0.006332100175173216,2279.999236796486,4.996171917858679,1191.4326644881635,312.9108224867541,1.3463750160602057,681.9352220364234,681.7800243254541,-13.809918321517452,313.36520204027585,0.11436472370232324,60.09223389095987,60.10383781234741,-0.0449190188193288,742.0047121161086,741.8671539463892,-13.89537062507459
17.92816652308728,12.506318672946573,0.012452244910060724,2279.9942459037657,4.9934976937409115,1189.0394778283269,309.9639585119673,1.348772912008792,684.8078253073287,684.6114749623913,-15.747390734373594,310.41607352817164,0.1166680888009802,61.163159653519955,61.149687428487034,-0.2771027344653998,745.9567265037259,745.7837671033521,-16.033951801583104
18.160164992083804,12.497898919558246,0.030225778027354835,2280.0185328747293,4.9707498223310935,1184.2405399786292,308.89617832340485,1.3493699389216254,681.957825969513,681.8170886752456,-13.909148518607704,309.25131462567725,0.14386082983224308,61.02754382049053,61.015495191116145,-0.8899689048837802,742.9688592297426,742.8396865791589,-14.788449957160731
18.376406117446514,12.500998387374015,-0.011525542377342709,2281.0139007022585,4.984327454256454,1189.5348496923589,310.1191740371186,1.342382810576757,682.2749787424901,682.1823235440039,-10.730168527671326,310.4392339100834,0.11586489056686869,60.63439894119671,60.614015192802555,-0.9835531318428963,742.8723249724815,742.7998949034152,-11.738805875304132
18.605684349799212,12.504412595613509,-0.011534357725807083,2282.002366606632,4.930494011184288,1178.113996972632,309.27400344510244,1.3425114371456652,682.345851632876,682.270689682891,-10.41412319528593,309.62077958026583,0.1040377653162953,61.57786872250639,61.55643666069811,-1.3641096743266974,743.8926363510691,743.8099643631888,-11.770040139584653
18.85208956790984,12.502331936979319,0.0021943063954662652,2280.0093086575753,4.996627588337052,1191.4041860350696,310.9739324379222,1.3493280605857503,678.0748441943118,677.9617723693538,-11.179944818290334,311.44037627306307,0.09485097861798149,59.27168303619224,59.25183075326266,-1.8713033508170391,737.326899860634,737.2181284919873,-13.06884814765164
19.04846347410828,12.514595148901764,-0.005482548987856761,2279.988141275545,4.988790768432773,1196.2028132950622,311.0692478600633,1.3478862704902816,681.5230263342844,681.4485226864391,-10.610675810625054,311.4658715272546,0.12073462146616906,60.02594512740869,60.03977547612516,-1.461388696666786,741.5416402684086,741.4351869585668,-12.092271628491877
19.29197853825709,12.495625425552147,-0.0016641372603653296,2280.9944282385663,4.9813799966771715,1191.9410584501013,312.40676820373466,1.3665247374732499,680.8092521098185,680.7053315883162,-11.894434272229832,312.8375061142787,0.10950864317430048,58.88354265804298,58.84964483151404,-1.6024533450814569,739.6906265715064,739.5655953912731,-13.469170755799754
19.563091523220827,12.516305164174534,-0.0023668084926899767,2279.986379901234,5.0088097007479195,1198.5783201251402,311.3218662895433,1.3688662072518702,682.5742882998812,682.4777874371996,-11.694977461942333,311.7910201519496,0.11057539731683307,59.469458449664984,59.43291501763016,-1.7342710837971165,742.0393787535868,741.9305858980491,-13.416891781902228
19.813086550948245,12.512178107743205,0.012661508049239396,2279.0016884638007,5.058230359191516,1205.216778650112,310.6187580246207,1.3696023647533602,682.1728325282536,682.0814908740975,-10.60140506965966,311.0928382200339,0.12200960984411104,59.36281016437939,59.352274635365326,-1.722982351833201,741.544655524914,741.4485108537258,-12.366765130183296
20.049780493736893,12.498751836791323,0.016513064291153078,2280.9937494231626,5.028432971992298,1199.129028362521,310.4526465990483,1.3606609167018966,682.5423949616641,682.4547066430753,-10.368345993921185,310.8308480853684,0.12953999789123172,60.07763987567096,60.033182136928446,-1.9180240182686255,742.6156947651015,742.4948154430313,-12.286349947606254
20.29271067271815,12.503408045389618,-0.000768268805395538,2280.990279786192,5.008924358254477,1196.7076257249632,311.4499961645601,1.3395909176010112,681.5027637054549,681.3785395336904,-12.212460543596523,311.8697867654673,0.11024225553456614,59.120953142029585,59.0999886005956,-1.6914355249478736,740.596415789032,740.4799910447789,-13.928753753401313
20.56349563151642,12.475173768796296,-0.0030395976833329846,2280.983435739302,5.0158515603742675,1196.729144099863,310.3188895741641,1.346401103593024,685.3459524369773,685.2387324723891,-12.765217468573702,310.7653363132595,0.10928995360907487,59.72457612292122,59.71674904646318,-1.6812459753132774,745.0842910470795,744.9312999492898,-14.460326394957715
20.784741861930364,12.517739409539466,0.015098628395763099,2280.9912727636947,4.982866952343469,1194.324637867364,309.80797986499744,1.3589963173715631,679.8039838700665,679.6925728327217,-11.454404557313406,310.2468998652297,0.11316892271933578,59.643464970404025,59.6194146120978,-1.947343892628649,739.405317752213,739.2947092333604,-13.40737139053065
21.030472983335724,12.503559300877834,0.0013093562705288253,2279.9929443413703,4.9798224029855565,1191.4342727873843,312.9520938790476,1.3551401286728288,680.9959902680785,680.8481372488953,-14.982172411514721,313.42105945575094,0.11127386316889153,59.847231286073594,59.83267266138682,-1.3099982446877794,740.8361852856481,740.6780935046048,-16.275074968956044
21.297738017248857,12.505754366279524,0.0008410754574649191,2282.000951492738,4.935513334337966,1180.5104880014435,305.7017750550631,1.3184192367165048,679.5645617291667,679.4024780164954,-14.842597193868885,306.10548529936256,0.11288334142002478,60.607142212371606,60.60345860450776,-0.9380068252278185,740.1774345189809,740.0134796887927,-15.761127721744238
21.54216884721801,12.497487088827734,0.008921291934742502,2280.9952643330876,5.029439513249193,1201.4885376815826,304.59609230523984,1.3281863331753985,679.0890161450859,678.9744637178453,-12.661121854432334,304.9658394210105,0.11017902294934644,61.05128340106714,61.035366703490254,-1.6734872065898931,740.1322666140737,740.0121074444537,-14.353074979628307
21.782564677555303,12.49558030928973,0.00794514103504367,2280.9900669588915,5.024936403879437,1196.7238502976359,304.56483318110395,1.3162575056748658,676.7352383415629,676.5742970755981,-12.902058971972306,304.94453520809463,0.10274002685044754,60.24473272305768,60.21729163091322,-1.7272546553677277,736.9560775167165,736.8048335582295,-14.620943212216154
22.049918393743486,12.49688609642257,-0.017133089428004802,2281.0050831579138,5.006190116231272,1194.3344088250146,305.04194788921654,1.3187239373758992,681.353176598233,681.257915068846,-11.63914193221813,305.46270302608775,0.10809710676047223,61.26868739294269,61.242632543270425,-1.9346350840525257,742.6305159756448,742.5045523684169,-13.600301666435916
22.303009519490104,12.49460818376148,0.01565972387962412,2280.9953891594364,5.027413931235966,1201.486805536301,304.16360316874216,1.3399048793231787,678.3320429641128,678.220336381458,-12.464169589916086,304.5753138914041,0.1119467311097634,60.88534379320547,60.83496042035036,-1.927178281564784,739.2069094783856,739.061825539627,-14.38401050391721
22.55282126091059,12.519078296286922,0.007067485806073716,2279.99277639601,5.060117621792667,1203.3780042120368,304.4380314725157,1.3379305975635387,679.2716135243239,679.1267110888454,-13.739388905059645,304.8156777290748,0.1266308919318186,61.456661643954035,61.4308858695836,-1.7827632970858454,740.7227474675396,740.5502778641786,-15.552989466571798
22.801413563059505,12.502115966814099,0.00808590232462443,2281.007632340677,5.042154962242375,1203.890005272322,304.30514986904865,1.3283965386536496,680.2824861527254,680.1588921683189,-14.237247214814857,304.7330448919352,0.10608389076948903,60.30029557490297,60.25230261927303,-1.9992632155940748,740.5837494787426,740.4134059567084,-16.22052427832404
23.04456573617993,12.496230408083845,-0.003216162736707468,2281.0029837432207,4.992604016131165,1191.9235853912799,304.30362263411183,1.3335476272107005,680.249218348708,680.1149087139338,-14.343015466481347,304.7229592754711,0.10193446769748161,61.17088647983252,61.14163536531844,-1.6527640767467553,741.4513856383737,741.2709374807198,-15.995934837955575
23.281336650462165,12.499183204451285,-0.00645489404474968,2281.999266579749,5.019992467293592,1197.2504190493464,304.7862293867846,1.317240297408501,676.2623547727222,676.1124325145731,-13.734129551076931,305.1913796574749,0.10307548036487461,61.222471943247655,61.19552506847862,-1.8836839461246895,737.4811299014873,737.3034405876074,-15.629574307258636
23.53686112381005,12.494012519495406,-0.0063041503249234255,2280.9985092170436,5.016123833953503,1196.7097904963903,303.7619851069799,1.3233316604250485,681.0926169212235,680.9607903485219,-13.851234886149477,304.15814205145773,0.11788235789852547,61.38860307952496,61.34405332265585,-2.077760435996225,742.4754977225605,742.2847634555924,-15.911020796121655
23.793449735855873,12.500044151246831,0.0011445576826478135,2282.0031434029916,5.008293998594459,1199.6207905552767,305.19520150471106,1.3126981064926257,676.4866401028348,676.3475195971126,-13.616360818996137,305.5979574140667,0.11041333644072268,60.972011846834384,60.931680952055345,-1.9440524725609964,737.4693155306226,737.2942187063361,-15.557146362555022
24.040417816669247,12.512971630690796,0.007453657064548917,2281.0169390570186,5.007764742815589,1194.3231751802307,304.8163021774259,1.3133832906648875,680.7657400650652,680.5834768998823,-14.989123836432404,305.24976437206504,0.10059010946822526,61.613210037966105,61.602768713540094,-1.8412421126346163,742.3727650281405,742.1712184195067,-16.815736994540252
24.299390596734668,12.487367207089548,-0.00434982122702212,2282.0024675518985,5.00368657996459,1194.8371918416822,305.2195608226674,1.3182104606636922,677.1784760175767,677.0397582306138,-13.119013121677398,305.6002588498298,0.11943009118668423,61.12235439803179,61.096257511417846,-1.8153265601303887,738.2899374395677,738.1612018254716,-14.922553144061967
24.530539923475388,12.492330116695708,0.0029126180621378284,2282.014569345555,4.950779848030463,1185.2922841461245,305.0291981892597,1.329560737281212,680.6116610862867,680.4603297362872,-14.548563514818943,305.45337203611723,0.12397538883944839,61.45856759032935,61.418648660933826,-1.7941824686345054,742.058629891186,741.8844979353378,-16.366147551026764
24.792758825925304,12.500961938172399,0.00040310054941344496,2280.994212891853,4.942664367489719,1182.3950559729215,306.7627884139862,1.3469565338608356,676.5922652437633,676.4818045944846,-12.894407832280235,307.2072354587806,0.11614678308975515,61.325235834484694,61.26682024887058,-2.0000550637761667,737.9077615427418,737.7438506343296,-14.905721055074926
25.045063703555474,12.506687397786944,0.01767569731767122,2281.003378030846,4.952886128501664,1184.7762770725944,305.56276987060363,1.3060114493507589,677.1910147613241,677.0814538186498,-12.75940105670011,305.9914166669929,0.1199189973192796,61.794600097028194,61.768871744750186,-1.4935326533332915,738.9965016368277,738.8540990674074,-14.270079249996334
25.29415210139032,12.502282591060048,-0.009625818982652478,2280.9892053834624,4.928052090966217,1177.6119777412891,306.70065646590433,1.3470915735421336,679.2758905925937,679.1311939783492,-14.621786074719804,307.1522034270941,0.11550462003117615,60.676543756567874,60.65687754872286,-1.0165522422196582,739.9574828193157,739.7815944557499,-15.6124080852444
25.549933765798734,12.514959154928379,-0.003131518504873145,2281.007833020152,4.9759526751647645,1184.7867454181112,307.9569297458151,1.307366842454536,679.9853240970729,679.8023513662326,-15.10987644814377,308.41861689368903,0.12013505762267934,61.02734716111674,61.01523324846931,-1.056981237051696,741.0215150005624,740.8419179753993,-16.150908398130404
25.7820100778933,12.49510437787333,0.0033969950174976664,2280.9925384425997,4.928170678175207,1180.0238350996237,308.4927080836538,1.3133948856224462,679.6663941242401,679.5111997409416,-13.889599765773502,308.95872346321926,0.1170786246053062,60.1968115015139,60.19581326641122,-0.6158013712375454,739.854503783444,739.7183395830932,-14.501090272364362
26.054944365855572,12.504839245432377,-0.008723960872022042,2280.9994315180984,4.954884967269711,1182.3794617967335,309.0391641473417,1.3302652275945739,678.731667994612,678.606312533677,-12.482856542769085,309.45361696778866,0.11847366771534963,61.460767737291036,61.44551211372349,-0.6518330536349943,740.1728388097864,740.0576571173361,-13.125428392999858
26.296075504800942,12.501160006225255,0.009569565635112343,2281.0079529343648,4.958550189239762,1182.401836839169,309.42106793341753,1.338429252803713,680.3393583397562,680.1981298240041,-14.290220821240194,309.83775429324834,0.12171911668668522,60.78640955758395,60.787857045042166,-0.6621612210307611,741.1359503650654,740.9775407906725,-14.95622203440679
26.539909408712816,12.501904683045014,0.003478990768697604,2281.010658825114,4.920622266921732,1180.004642486547,309.0874674678697,1.334730425985707,680.023387997677,679.948649392718,-12.063015665932415,309.5734139981938,0.10604433118499096,61.661428667078816,61.6550918552879,-0.9541639595681631,741.717126665408,741.5827745152102,-13.021890439763427
26.795035953653198,12.48418372190423,-0.003689749886330353,2280.983732696556,4.941008795157263,1179.984881876056,308.93088383968086,1.3241945030571975,678.8480390931087,678.7260839199257,-12.878150962689537,309.3743770899421,0.10698333930954887,60.86119159913322,60.859118849247785,-0.6916762638053043,739.6899948396283,739.5698237903573,-13.553175277791723
27.041382557986356,12.483470152572105,-0.008911540728508192,2281.0103545294655,4.940434323533801,1180.0110774694906,309.19270673075414,1.3276811109013305,680.3568366592752,680.1871023757648,-14.20257158706163,309.57852013293535,0.11632040232393433,61.07949768125091,61.052631103511445,-0.7344521954741003,741.4045464577024,741.2505911066671,-14.936163871483753
27.287846483521257,12.511847490108469,-0.01651081789828361,2280.9881019955214,4.946873247560217,1179.997103851102,309.36210230504656,1.3541084893577309,682.3041213633188,682.1518387715693,-13.592990995572372,309.7927272822457,0.1181438460678124,61.074596678455485,61.07845521636833,-0.7550761641368199,743.3675083262215,743.2474527935525,-14.350071699917125
27.542584648639355,12.500750221262539,0.0013712067924954014,2281.014621496408,4.941991122018458,1177.6062497778146,309.59236458957247,1.3185654670666591,679.9259126708084,679.8217688733013,-13.264649495904276,310.02059361202276,0.12676754406476992,61.57969461966542,61.5732755801513,-0.8440442191612527,741.5183388161181,741.3758885217302,-14.097172638747098
27.795153287447885,12.482320224332666,-0.00904973318984163,2280.0029936878072,4.95080592284025,1181.859229113607,309.73219968148595,1.322422969727392,681.690093896154,681.585541934927,-13.989012208706761,310.14809059522054,0.11030718506765155,60.99098396867852,60.96175864732046,-0.9262691750321974,742.6774746147306,742.554681425177,-14.917081883363556
28.03288071149603,12.484095741440408,0.010972313229791577,2280.976108513236,4.927579631128849,1177.6134200076194,309.7332301670249,1.3169521554559152,681.6761136972331,681.5687979946603,-12.968096841449906,310.10945214168595,0.10396359392208782,60.49717795371889,60.49863511384014,-0.887792122123487,742.2041467754096,742.0612464737335,-13.846674720586522
28.30700567132809,12.506907778423686,-0.0006157833888739767,2280.9940141695724,4.980150889883921,1187.149205070624,309.3729067910246,1.3162881937811697,682.0947981689089,682.0009583226495,-13.717466482009227,309.75584910992217,0.09910049083142652,60.52812177838129,60.523927018263315,-0.743470198650814,742.6484895875867,742.5170556993584,-14.482358453907926
28.558325125584062,12.50550339778226,-0.001275002421491597,2280.9847951815423,4.946235069092194,1180.0001738112396,307.84097616814495,1.3315145495148848,678.1379523892901,678.0500990234664,-11.630329938776052,308.29417837295426,0.10896713966607816,61.84256379542931,61.843214132108976,-1.0338580347877642,739.9931191118848,739.9013853599505,-12.670258749205866
28.802347300542234,12.492767284073262,-0.005096697218100643,2281.0023425636073,4.9590686515299085,1184.778604675291,309.96634499747,1.3252595574874508,681.5545907324303,681.3876891040619,-13.89857066671804,310.43564008402086,0.11829136002649182,60.99883787010346,61.005156566808445,-0.7519577874015559,742.5343838602885,742.3923456296906,-14.671765817194347
29.037374199749262,12.502287211112655,0.005338589315090062,2281.0032662675153,4.950162531987826,1180.0012548362338,309.97267967383686,1.3397206360762983,678.3223396761997,678.2049772348787,-13.348172627918132,310.3090260775006,0.11485320401574696,60.67426870606017,60.68773684974349,-0.889126973167075,738.9835987790855,738.8600368855781,-14.204176829569468
29.305621138613247,12.482391577299964,0.0026473348253651004,2280.9892231280805,4.969007745649933,1184.794391057935,310.1368408339477,1.337570851653688,681.11065404635,680.9639557041147,-14.037295632937075,310.51483211807783,0.10240530607038381,60.91024372066728,60.92268305728824,-0.668195053186029,742.0439876421959,741.8852742559377,-14.693415325798355
29.545415235914408,12.495476141142051,0.0011582764860227806,2280.9923942681207,4.9289965167829095,1179.9864645009202,310.23643244338484,1.3208007844121323,677.8603401908127,677.7547503536215,-11.688208869474934,310.6806916029145,0.13190909962789915,61.51852881748903,61.485262942281025,-0.5873784118605486,739.3631087639922,739.2578171982927,-12.275658300945857
29.79546918275251,12.499794511644971,0.006996014207402166,2279.997663501082,4.980068968722263,1189.027830459431,312.19022931175465,1.3411383727657886,683.7593860563702,683.6131366274615,-13.837900354472154,312.60452125727994,0.11664823037184541,60.32417755932995,60.30856990283403,-0.24302537720476627,744.075648872957,743.9537916497302,-14.107892139667413
30.04698609200202,12.475602244041914,-0.015540415483001368,2281.00084855724,4.963355847797364,1182.4072347191732,312.2115368886659,1.3315728273986016,679.9724114634819,679.8446976913451,-12.602721432217779,312.7051361432063,0.10225463995830789,61.1403337138793,61.14202799018739,-0.17859461884316033,741.0935956818352,740.9825881314632,-12.783259328301279
30.272524064449993,12.506081716738857,-0.002770936469582725,2280.008232674786,4.965395847525766,1186.6376414490533,312.1842715991603,1.355484635993157,682.7427474855115,682.6038052119922,-14.508036912636548,312.7036503956289,0.11554289520747986,60.44178089396253,60.443115437937976,-0.27929757051276044,743.1970780240309,743.0503856190933,-14.761362632851192
30.56022002190605,12.505744705126133,-0.0031043432599475998,2281.011417511544,4.940736165776777,1182.3899265361056,312.0842210599686,1.3251434378586584,680.2159512515867,680.0765743963492,-13.251983022967003,312.48807015387075,0.10774189582627383,61.3578696786559,61.36406843852063,-0.2531683965376487,741.5380500940496,741.4146431531046,-13.513628644047737
30.798436532120462,12.494948807639377,-0.004802981554113909,2281.000203168067,4.948190113040181,1184.7914840299868,311.95048650825345,1.3474077620758331,682.6165505565225,682.4841675740382,-12.940539664689894,312.3790551866216,0.10960033420776535,60.65249877327724,60.63957743726644,-0.23808218764864164,743.2351204286049,743.1230373491692,-13.195717448348887
31.01548276789979,12.494244422534862,-0.009264196221295902,2281.0043373349763,4.963390478777748,1187.1499913504333,311.7877711467517,1.3612368241786792,683.9079857911145,683.77031887875,-13.418348096408334,312.2155981841763,0.10923175271167798,59.98327761921176,59.9682881837005,-0.39392984632134914,743.8771154997452,743.7386756093314,-13.834424405225267
31.301127945397656,12.488655773482568,-0.001434145548989976,2281.0000241958674,4.927914998269395,1182.3857773618638,312.44973015174946,1.3505440273083744,684.7914893313667,684.5865659369261,-15.185527673960339,312.878657896762,0.10688114993191791,60.72092457885583,60.73272624003836,-0.21324104464655436,745.498788125968,745.3207039562783,-15.4430447370938
31.535717516280556,12.49196765187463,0.0049537840554331365,2281.001283819004,4.9391372236638285,1182.3954874582876,310.9761110116286,1.3355652829787612,680.4622627737709,680.3776797091056,-11.68506544668129,311.40381799513796,0.11864331267975946,60.849908985109444,60.855877035088255,-0.2519307743010601,741.3320599176492,741.2317046316733,-11.957906044338284
31.78365289531396,12.507209884619359,-0.009474479325573739,2280.9861005004454,4.95167436240332,1184.7755623951944,312.22181392374296,1.341850551052848,684.2042149417022,684.0559447138813,-13.84536895259513,312.6325149236675,0.13364385600222073,60.41796729217743,60.40607148219552,0.2331262284885201,744.6056122769916,744.4920339390246,-13.635896069541722
32.049315207962856,12.506854425045885,0.004458989510724903,2280.995754114231,4.940000980339104,1179.997036726241,311.92515225820335,1.3526969980513117,680.0088454000809,679.9399496274759,-10.420139216217677,312.347490389723,0.09399990742713209,60.86119571168047,60.8720336889683,0.0737240742676045,740.8423783239359,740.7928187572214,-10.343753918672121
32.29658480812947,12.508880698039151,-0.008519804387532297,2281.0075312231356,4.96172258691931,1182.4051548787436,311.8802710378494,1.3619017493113503,685.2206422119336,685.0861809111482,-13.48095426235585,312.27649470708485,0.12224389567540209,59.91855657468384,59.92120760951913,-0.05312746418373319,745.1286816064229,745.0095227913375,-13.54508725927924
32.546015141451434,12.494269008499959,0.00620705310553936,2280.972017165607,4.95189245261221,1180.0025215355922,312.3212993234209,1.3591969577661682,683.9675993355537,683.8420810670846,-12.586670615482358,312.7179440134824,0.12795146567846893,60.38719739114678,60.38952064610314,0.16222091280786818,744.3369364338006,744.2266876137704,-12.402382571990064
32.81496012657691,12.495381850424106,0.0008319401987898384,2281.0081365551046,4.9386751702103915,1179.9907620972663,312.02362448797874,1.3655597932986232,686.8104962119743,686.694201403154,-12.53420663461796,312.4277317079396,0.11069357981727009,60.235296148810704,60.212120406361514,0.48276406154085627,747.0556926984787,746.9376327811008,-12.059821785505259
33.05711239406313,12.511189954464754,-0.008575625438656333,2281.021061098299,4.968622816659272,1187.1638002859115,311.3716964136445,1.3566645020296946,684.7547527147972,684.6291344868351,-12.319386869335023,311.8439720673464,0.10118595269351288,59.97739908066179,59.9957693734991,0.2770244818652011,744.7161302047849,744.6127751985363,-12.030335159450015
33.28280761390815,12.490934802259268,-0.010335152552122029,2280.0176353533575,4.9503280714268385,1181.8857706321276,311.7275108749604,1.34163464676739,683.2727407108074,683.1670328625664,-12.617760960712731,312.18023483356063,0.11669855698715696,60.040394547639835,60.034101198779155,0.18161943188522295,743.3146571068513,743.2288486366274,-12.443727861875104
33.53651349210494,12.49108068956285,0.00010384931595830645,2280.994816839481,4.933230590531734,1184.7697772215033,311.8068638734008,1.3488517571185057,682.5904522886678,682.522982945283,-11.43545480403278,312.2096739406682,0.1289825295803254,60.916726568598705,60.92085246233559,0.19262641607053477,743.4918407365136,743.4124636191349,-11.267972583500327
33.7974921708193,12.505969767906848,-0.004280820269328921,2281.004686327503,4.971051190728646,1184.7742999112459,311.6594042881681,1.3402359056491493,684.9644018004442,684.8311587847519,-13.233245408415709,312.0565311817339,0.12537222175619228,60.02695998079383,60.018034417659756,0.2701269037847441,744.9706888330782,744.8596880833896,-12.94443132580434
34.04843560183251,12.506235249478976,-0.0017938326798313442,2280.9831746411096,4.943112957435275,1180.001167136401,311.0818593281199,1.3662851415859159,680.6484787477999,680.5542985534762,-11.403196900484875,311.4506898176768,0.12874348197656016,60.23422283057755,60.22416981830976,0.3948799989983797,740.8792551977474,740.7810343708229,-10.96877893634727
34.28667614831574,12.491773761888181,-0.01424171123757482,2279.0033098964414,4.970241134216102,1186.1221805776381,310.6379633865313,1.3627501842238166,686.351641818678,686.2266501596126,-12.764100623358164,311.02955451315637,0.12083528950938623,60.38106694446571,60.37472808870043,0.2778290821469513,746.7107515976485,746.6117218529491,-12.48286182365843
34.54468312768446,12.49079492366108,-0.004437367101839572,2280.005787387689,4.9717224557736746,1184.271044235399,308.2668533065552,1.3544381233672695,685.0328262296952,684.9243421403428,-12.353513887480961,308.60569115971,0.10536200740110975,60.02012381120788,60.016838048586806,0.5381767422623368,745.0329802191831,744.9386108081827,-11.843168656007855
34.79964006249763,12.484100894060507,0.016182216830558326,2279.0180578672393,4.989765633743782,1188.5061093902534,307.81607026568867,1.3517598356296812,684.8998364771853,684.8448197766476,-11.648711960454117,308.19180093895756,0.1255933866996502,59.290525707948284,59.29487737648587,0.7882573293271227,744.18783868081,744.1112742812754,-10.866061539925038
35.05290098959389,12.488883265591864,0.007739120692959725,2279.9846933017448,4.978092070986694,1184.2301801574663,308.32931149713176,1.340238129083024,684.1544307454341,684.0633799953241,-11.390322474499701,308.6686646298429,0.11100385872451696,59.64333719089925,59.64047259665352,0.705349306072764,743.77123816009,743.68478587391,-10.712636062162549
35.30085878520264,12.502114751938544,-0.029335025494719905,2279.022685375914,4.951605598302375,1178.9514357589987,306.21981221210103,1.3436798244343453,684.132105659439,684.0109014936596,-12.498633856257216,306.61755735386123,0.11235959937322534,60.44343186981643,60.44400894102388,0.45188487660283777,744.5662097948716,744.4497690100942,-12.044994855313822
35.54659661710072,12.486763802262896,-0.009068524408790551,2279.986859271977,4.972614345759046,1189.032261666375,305.7602847019316,1.3371121629918052,682.0076983402158,681.929686501673,-11.658059265595154,306.13910413428226,0.1251452170995325,59.69640695772541,59.69465393686633,0.07245078995459299,741.7189187028771,741.6560903791118,-11.579704044633534
35.7916170397319,12.492971142925589,-0.011348674321774173,2279.0171464247774,4.980824496773961,1188.4992728224856,305.0599088730585,1.339305736232524,689.8757337764919,689.7241869463093,-14.936978324575481,305.4527930947842,0.12429707559877355,59.11291701352441,59.104422045972846,0.2634873875987011,748.9855937011586,748.858594502246,-14.673336799453606
36.046989462249435,12.505888677323977,0.001957918258300037,2280.0025504454647,4.979427621359578,1189.039039786144,305.25299289537725,1.3387873802795898,681.0802541690622,680.9992821086921,-12.086635394799437,305.6729252688178,0.11076836294491302,59.8144373812123,59.8059100833151,0.10473365701509546,740.9108087329463,740.8070683017659,-12.005376937174706
36.29498464132433,12.504567982671572,0.008344930145130387,2278.992911987889,4.938313145669505,1181.3629278035935,304.59075827397623,1.328257999358804,684.0028857825714,683.8807828580615,-13.305074765028925,304.9722964257943,0.12169136902297556,59.87621137360896,59.88890034132979,0.04752779648562177,743.8793975791675,743.7781384829566,-13.259398281167964
36.541145786290066,12.495428335932164,0.011604399891952737,2280.008351877952,4.981306932327345,1189.0362492566564,304.1598240172262,1.3324732137509365,679.8013277444727,679.6997344251589,-11.29519125113588,304.60896280402505,0.1290593240800998,60.28741486114635,60.31309505243304,-0.008942829841442346,740.0837572921754,739.9928496177546,-11.342285942427864
36.79385679825912,12.522416200580116,-0.016262078372203552,2278.9852499652725,4.967855564404936,1186.1166258877533,304.5546585820659,1.3340131716888548,682.6662039207338,682.5636504861849,-13.578860329898031,304.9268919619943,0.11018340323904777,59.81593275117792,59.81969578319582,-0.049474323486595556,742.4805108767247,742.3750926831227,-13.628391261800973
37.04385559183899,12.513994605816876,-0.0007175125561640366,2279.9972666126946,4.961812512063403,1186.6605953625435,303.79828263590514,1.3309940583881663,680.1875943483524,680.0825667239833,-12.870079833412259,304.2570747319032,0.12379195823065449,60.31519510467175,60.313289764950056,-0.1777785799443303,740.4947807814181,740.4162357816475,-13.035645885744312
37.29448029983249,12.494204744974759,0.0052078035430159,2278.9797212616845,4.975782150132188,1188.521159585381,303.93768154839864,1.3223039226028281,681.7352592893899,681.6076048017576,-13.787510050491,304.37960935601353,0.10842258893224149,59.498633284974254,59.47742825828251,0.21851985258969875,741.221639679952,741.1070392409354,-13.547480996370837
37.54633150981726,12.501265670075437,0.004016861720818614,2279.996392091671,4.958901648711231,1186.6305587241352,303.793783585911,1.3435172779484077,681.4638600069026,681.3447546324612,-12.999862860158835,304.2532811547496,0.09571097282953346,60.03940597701487,60.02556421564529,-0.2760916080420562,741.4558837875202,741.377197988634,-13.265798577954289
37.803300118277306,12.500014703740504,0.002621292294994224,2280.002048077,4.984295507669932,1186.6529557661977,303.783021059073,1.3372137953342829,684.8240111410695,684.6881364710181,-14.120618998058443,304.2655500159209,0.12577686193877138,59.90745948815207,59.923800436140596,-0.1938560390682023,744.7270077672011,744.5906424828024,-14.318324229560469
38.05168852908998,12.509049066441307,0.01419272676834433,2279.9997069454853,4.94783916923507,1181.8897386472356,304.11457160179083,1.322099956377185,678.5499753462527,678.430642118159,-11.85535861728882,304.6151142584394,0.1344848606491983,60.603836294603525,60.61183385293805,0.0780822939305577,739.1317162460522,739.0450792093231,-11.799794170850355
38.2912340297052,12.503003432651711,0.005899289195516552,2278.976899627376,4.972113381658941,1186.1065522078738,303.542429875073,1.3419871919616317,685.4583839691003,685.3081798761149,-14.372191134745107,304.0548321526734,0.11385032748868817,59.43689815500203,59.42903266223246,-0.24537160020503604,744.8718520557179,744.746959032568,-14.594990771368412
38.54109211869721,12.475376948533215,-0.0073429943435368164,2279.9800281810367,4.972559090973801,1186.6348760134238,303.5359096851517,1.3274063228324835,679.5210043241866,679.4085232230724,-11.732746370276379,304.0227731573986,0.10770833134969433,60.256192684541794,60.26682766168567,-0.018586051582696703,739.7666465868945,739.666110186083,-11.718012765928425
38.785456921107894,12.48536716654634,0.007489001173774914,2278.9957403379726,4.988883512842621,1188.5097804159402,303.6145797882386,1.331909031040878,683.0719442985526,682.9354379642692,-14.392448720266962,304.07273269617707,0.11058818547217789,59.483785295662436,59.48577152145683,0.305317096549063,742.5483718746711,742.409020705518,-14.050903504839738
39.04727168750779,12.508563316724855,-0.0005149428771581355,2279.9990701447205,4.963187266695445,1186.6325426967385,303.60138051079525,1.3484751404310644,678.9110843479382,678.7967887382542,-12.199602373141389,304.1141243918264,0.11650790126653325,60.48655544735981,60.492581935511275,-0.016365130453148368,739.4080218556644,739.3012425650921,-12.201256492414414
39.307330837123764,12.505831256839949,0.0019149223527006852,2278.99137657704,5.018873229028949,1195.6648565500186,304.06957230250634,1.3324182505696018,683.6458479054485,683.4571661265197,-15.465254268822601,304.57316684568536,0.11064115122925075,59.33107569945331,59.33144737372001,-0.2367233569068275,742.9529443421875,742.783268893874,-15.704963843005334
39.53749301930324,12.504098371240346,0.0019882273892996047,2280.011007323367,4.957521489681361,1184.257317726052,303.2323222861284,1.320703079777214,680.2741229280091,680.1529332238997,-12.684689366659077,303.7070562224896,0.11196856871323696,60.00424207137755,59.9890141265247,-0.05541522827417068,740.2635773701003,740.1620448348889,-12.754245193888881
39.79123355207194,12.508270349780789,-0.003551198656633423,2279.0023395836174,4.9935471076079745,1193.2788952341184,303.3491813500817,1.3188027360874082,682.6035349061192,682.4495757330691,-14.938123471133935,303.85403822280955,0.11420998490663804,58.85099420165935,58.85485067936514,-0.2867240330287417,741.4477329837882,741.2741714203661,-15.200769945948599
40.040509013306135,12.506917601069981,0.02046828073000065,2279.0006585741876,4.988050672623232,1190.9120137700681,304.55925506649083,1.3059999723758846,679.5892009253756,679.4274474319432,-14.063276945033754,305.08349091464953,0.11589771230831124,59.86725079887255,59.9065281816382,-0.23662007446465963,739.478909970372,739.3315623605348,-14.277648307544109
40.280881985249,12.490866192802489,-0.004445466986377212,2279.007306192535,5.004113255947424,1195.6695297170118,304.437304421662,1.3258048772279243,682.006926606932,681.8079150947887,-15.789763550825876,304.9396730852924,0.10997345551924903,58.92069030125565,58.93429183699725,-0.4929561008480848,740.9152756466834,740.744572749533,-16.302445876273833
40.5559894607818,12.492425193232624,0.011256992919621341,2280.0011441274114,4.9960356532358094,1193.8034077995367,303.49651196616867,1.3242959039656061,677.8512976097576,677.7199850563035,-13.848414260998993,303.9870800690682,0.09905133784279833,60.1598563389554,60.166122385816855,-0.323305874028587,738.0156509723006,737.8614903187995,-14.169228896088802
40.78911560022488,12.510906631694446,-0.015127350334939886,2278.98185771352,5.006204056283113,1195.6608903478789,303.4125343147837,1.3203928341634377,682.1102584749678,681.9350905997512,-15.972522019670299,303.9105442196354,0.10760222329294833,59.14394763585631,59.173896447657306,-0.512274324643587,741.274758474278,741.059986352741,-16.52005872522432
41.04105077047265,12.49783840205434,0.0015126353464917231,2280.0040162154046,5.013191624418833,1193.8134135555179,303.8802925299091,1.310467262189962,678.9340788508522,678.7809426824643,-14.008058108087557,304.3768130449113,0.11104261175115071,60.07094760398382,60.0712590082181,-0.1294253707116591,738.996659769487,738.8597198003652,-14.14191153822781
41.29357364775999,12.508263933711495,0.00048809526116398483,2280.0145271586357,4.977011326435985,1186.6335468386715,303.90862569212544,1.3326774506774268,682.8750278513414,682.7035794315186,-15.181745781950234,304.44686414721895,0.1217607099192683,58.90581176558409,58.918948031550116,-0.6213509869556647,741.7782656920289,741.6055347230621,-15.806821601039738
41.55550310039355,12.491606200855331,-0.010048945774185958,2280.000784468085,4.99254873500916,1193.8133109008377,303.75973223984073,1.3237029030541652,678.4364757644853,678.2920227013826,-13.919020055789076,304.3446921540748,0.11730268274282771,59.74735371270226,59.777932837302835,-0.29401458095761845,738.1789199988435,738.0626596958061,-14.175757059535616
41.79432071061452,12.494023397750592,-0.006064289236022974,2279.015468101937,4.972225251844385,1188.4982500039423,303.80404101656165,1.3067485962921093,682.1831156007091,681.9988838527548,-15.511559780469923,304.40312202946296,0.09647804205064464,59.139380458088425,59.163967747288496,-0.5253538202416934,741.3161305972676,741.1540408838459,-16.068842872460046
42.04178821827973,12.508998257351754,0.01971310523889002,2279.996082493035,5.003000064091514,1193.8194589860766,303.90116509892584,1.3253909110123687,682.8082507122426,682.646051199747,-15.145256866617741,304.4922292929466,0.11552571753339512,59.07946590477226,59.08637827531375,-0.707079166822388,741.9244235046302,741.7284689561476,-15.856510261812526
42.288291850835336,12.494885442136038,-0.0018765736728060076,2280.009986061953,4.954651038085946,1181.8579898072724,304.2869942093301,1.3268366610496078,680.7105930881239,680.5629364194352,-14.464924763453723,304.9061987216794,0.09972449346011175,59.29965359475598,59.30183279093002,-0.6492242755797948,739.9923698748887,739.8517440807454,-15.121578853437716
42.543022097241185,12.497799063792677,0.0008251898396540811,2280.0006321156297,4.98859079377156,1193.8085551565857,305.0070508637264,1.3260324238497931,680.7335638886937,680.5815102720867,-14.584612219543995,305.59082056755307,0.09955102154318868,59.48493258226928,59.48424921634085,-0.6491352880396302,740.2082964651061,740.0423392730135,-15.274920337540605
42.785980638860956,12.50251584026269,-0.009236325859662175,2278.9726349389025,4.977502883568883,1190.9178615378223,304.9176149791487,1.320346575594257,678.8692208133652,678.7088066836884,-14.488969368572867,305.4683221631552,0.11956367899556081,59.239499165098486,59.246952326838674,-0.7910308166430469,738.1210517787948,737.9676740121017,-15.314816930633942
43.050256416074795,12.505729688262909,-0.003697053763527477,2279.9982291298916,4.998889019361686,1191.405414299285,304.9750497285566,1.3317769436613165,680.4854468761076,680.3559757879277,-14.622488150476233,305.5461121570618,0.09499191114108697,59.83843611765703,59.83675676650332,-0.8677371909468907,740.3583291603861,740.1935600230283,-15.49191504668981
43.2830187936062,12.49919387329573,0.010079008807803552,2279.0100303485697,4.9929386814291865,1193.2804742671874,305.1807177824432,1.338676853564908,684.6037675363131,684.4093470276144,-16.691145133276475,305.70931102443586,0.09360908275877237,59.096864469913264,59.07168357156761,-0.8436222113904696,743.7006378767745,743.4966914558097,-17.553136662657906
43.540013901983016,12.486242129233531,-0.0191321362969197,2280.001225346852,4.96330830018724,1191.4265611295061,305.68228665723507,1.304014771169199,679.5256963537903,679.3651589547761,-14.299187617932754,306.2255816742302,0.09899678303457377,59.382254569613586,59.391984970634326,-0.9496766759231163,738.9127608576631,738.7723513990251,-15.241090969957483
43.77504440861932,12.5056895594219,-0.001966548812845611,2278.9943549511554,4.994144480603619,1193.2874873161256,305.24563711169253,1.3178824494455752,683.6452180701397,683.4593261579525,-16.05987300102236,305.84592739997976,0.10726879771317482,59.23957063535169,59.226796458686,-1.070746634034334,742.8766931251199,742.676002819383,-17.139120950278723
44.04611631225434,12.481224395698396,0.003452109105127507,2280.0017132341663,4.994624925387696,1189.0344894407829,305.7786674836818,1.3261102591437626,681.5860799308234,681.4211410525899,-14.605933422655282,306.3205238953621,0.1000604248866967,59.04823238134189,59.03124330931316,-0.8231605469580212,740.6317314420717,740.4713087236261,-15.435529676593267
44.277548782892694,12.50058431381468,0.010394923053495424,2279.9985095228635,4.969287687485801,1189.029667703868,305.93315901335194,1.3015002402879836,683.9417859636217,683.7810087097183,-14.194490483352295,306.5326382393602,0.11553433148105671,59.37817021304374,59.39630762823323,-0.8527311194992696,743.3111948744692,743.180121263405,-15.057307624006677
44.53524214542475,12.511860509072608,-0.0018532177533565834,2280.0045487305615,4.96842857445234,1184.2379524714431,305.610164659675,1.3219465865184177,679.1805334154203,678.9918119357393,-15.87569942396078,306.17739293905976,0.10850362728197659,58.90330530635228,58.890565580811455,-0.8539397985709749,738.0477783135257,737.8788299492072,-16.737410816697082
44.79472397107302,12.522143128518405,-0.0012712492961926237,2279.0072207075473,4.99515426046221,1195.6645107268073,306.2731129132211,1.3299869320729518,685.2212572498667,685.0273290508084,-15.417072983779674,306.87434853921377,0.10173966014992157,59.2085250485111,59.221395134226405,-0.8857673694745266,744.441669625481,744.2620523866627,-16.328835813854173
45.04581830089968,12.508556431754014,0.006912883667881088,2281.997321150144,4.9790297190436315,1190.0713648040507,310.16698306623425,1.3160871470620423,678.4375434497521,678.2682711751012,-14.204917170578248,310.6837702767589,0.11430246066173319,59.993725333369795,59.97883326835217,-1.4333188239711938,738.4355308354167,738.2512697754435,-15.61105544735018
45.30462467044616,12.49769719472189,0.009227381496922198,2282.0068273347156,5.031180719832791,1204.4144911313788,311.31212205031846,1.3416724498714612,685.6724485783969,685.5405684287142,-12.891292691630689,311.86232725185477,0.1185060066272657,58.98976413754679,58.968836367814205,-1.5574594092273741,744.6541022396372,744.5196563588258,-14.488875693134714
45.53647294359477,12.509276387293976,-0.006775511119616107,2280.997496716563,4.9743875382223655,1187.1673315155845,311.41766238949697,1.3426328237375442,680.2907700475836,680.1930226350718,-12.27864967509781,312.0263859388495,0.12792435117586984,59.335246922547746,59.31447241656121,-1.6603332389757341,739.6154439960734,739.4786867519315,-13.937097774360492
45.784865785559184,12.490654046566819,-0.0114581235089834,2281.995640755933,4.97831134994012,1192.486753339131,310.8090106168218,1.3387776413391395,686.3918766890716,686.2654607933157,-13.502074851732496,311.40617364455113,0.12406424157179541,59.433676198485784,59.40230662074468,-1.9866025396389357,745.8248230846675,745.6679542455881,-15.46237169842004
46.03883430000358,12.504482623643385,0.006180556245036494,2280.9992620185035,4.969155141036284,1191.9295774467923,311.96348989782814,1.3660561737228056,682.7257376990269,682.6325607447352,-12.132272854958721,312.5410314614446,0.11846996003519954,59.476616797541936,59.43605817588296,-1.5094231353948748,742.1967329263258,742.0863739193073,-13.651102757561311
46.296966041745456,12.48749967979219,-0.004794557758602864,2281.0177451088093,5.0363888810224315,1201.4788329922799,311.82521095846397,1.3603764269050889,682.3590226794537,682.2713922477459,-11.27983986151967,312.45410583914776,0.1216280434524838,59.677655391124034,59.6640496137436,-2.0624129014102324,742.0558957088423,741.9161444950013,-13.336836627095513
46.535932163835106,12.49921793301116,0.001564190957886552,2281.01024821229,4.971019667582107,1187.1604394080018,311.5363391990455,1.3487691378118534,681.1236246028276,680.9745387506906,-13.149875682336624,312.1275096463445,0.10033868582877278,59.54973781414331,59.49443081251661,-1.584925896274695,740.6464435728618,740.5081534209446,-14.720207327767314
46.81973053352334,12.507167200936957,0.011970112646280777,2281.983950126727,4.996819226940886,1194.8553458082863,311.52509295811444,1.3609799734767445,683.4717968297845,683.3936537388785,-11.925900368595688,312.0732191662812,0.11250628210636288,59.651599047145446,59.656868456283576,-1.3329386979739695,743.1745732849911,743.048179723814,-13.249844404283714
47.03936432850723,12.488333361212062,0.020686788758922516,2280.995936088555,4.998517535777071,1191.9218412980417,311.58314133427746,1.373759592893239,683.0706629837147,682.9576646044712,-13.25300552650003,312.10438540043197,0.09389181832942897,60.49050943529655,60.49336229595824,-1.6003438282755944,743.5841398941706,743.4170756762904,-14.855643734141395
47.27459718789832,12.494635726896641,-0.001889735189422252,2280.9968690168207,5.013679233593379,1196.7197777936692,311.93996329144835,1.3458456568721722,680.0643582052161,679.9763838347944,-10.917618288002828,312.39158581137684,0.130543858653603,59.279620147020935,59.26211449897118,-1.7655665721637108,739.33434131095,739.2426440227829,-12.689923938634575
47.54985563884396,12.492909472904314,-0.0011136923645232622,2281.0054176500175,4.996389374502646,1191.9373601289558,311.9214503060601,1.351441481881703,681.0296012418121,680.9550486987425,-11.225777414691237,312.41699342019666,0.09166518251055362,60.333447193510054,60.31328127108566,-1.6790093883786297,741.3647951463581,741.2627026871163,-12.898034171937848
47.77995186551607,12.48871093107104,-0.0022570067700028056,2281.9821826620496,5.003180972860829,1197.2414280523326,311.9228692097793,1.3483955313188718,685.0950371079693,685.0093081218424,-11.492023966149347,312.45266022747427,0.1110308951026347,59.39893657095128,59.36059889878694,-1.7459639220670677,744.5076385524309,744.3614996215113,-13.264151678256821
48.05045949974789,12.505040238218772,0.012085884882274392,2280.998842687101,4.991361974154998,1191.9402087500637,311.1415765996076,1.3529073609325202,682.3078981595945,682.1820814807717,-12.76267932846746,311.5783296405936,0.10066921202442888,60.43785837217307,60.39474574144115,-1.6214751713933917,742.73986018802,742.6047284131458,-14.381464196492953
48.30222611945308,12.501141939200462,0.000882439371702717,2282.0007586945535,5.002615262519265,1197.2409476686273,311.0685602487027,1.365522119217933,683.4435327214336,683.3634201177301,-10.958634139027989,311.49477446946224,0.09552731876468479,59.39084174320008,59.3831790878992,-1.829900452226125,742.8335446247877,742.7222961321999,-12.779294681609723
48.53331471697978,12.507687935594202,0.01793547729741652,2280.992935815548,4.951137053952199,1182.3948588351088,309.5095592592888,1.3350422597855658,681.8285161053386,681.7058134822431,-13.04499149649741,309.93729168267953,0.1202406433430079,60.01259749021831,59.97100967367703,-1.5396245017976593,741.8323925431365,741.6911637932523,-14.581719284523677
48.788326644639284,12.504663420640005,0.002582796821630804,2281.0024126404724,4.956562181215436,1184.7737624090964,309.2990973596125,1.348234651702401,682.3094788260332,682.2191561694905,-11.067884518170873,309.65132760429856,0.11021603342202126,60.18423964444285,60.154926250591124,-2.0316383066422836,742.4946517616053,742.3789812119744,-13.143740426397784
49.03792612910081,12.50365848247693,0.0016841909984069952,2280.9912063559877,4.943193487692039,1179.9942574524273,309.4612096415082,1.352989659855932,681.4628246495253,681.3535213114135,-12.915045338133071,309.8066195953209,0.12459307449163741,60.616069478709115,60.59835878106853,-1.6309698215647055,742.1076386676248,741.9630805292047,-14.546063965218256
49.28237261709532,12.505380924088268,0.015036536249679228,2281.9965781786295,4.982529043282189,1182.8972614007512,309.28938957601594,1.3573788443134465,684.2599085667396,684.1802540737528,-10.510474956224831,309.58699221226084,0.10070921432818708,59.63506151272283,59.612457009769955,-2.0466756724717374,743.91148455844,743.7895734066043,-12.565164245811744
49.54702234276834,12.478266163570295,-0.012679293219045165,2280.9830968364504,4.937729049538234,1177.623735624727,310.74679588799086,1.3653171638848498,683.6100200822635,683.4908352712689,-12.508910770663864,311.19023955669627,0.11505732311896594,59.18645186427687,59.15834890647314,-1.6743504314834776,742.7272399123799,742.6262104739942,-14.183649903722815
49.80286244628033,12.512891139469346,-0.014794163563406452,2281.006961927924,4.963791097090039,1184.7784442581772,311.10040867568034,1.3464464382277836,682.8973290769466,682.8267110908879,-11.47093318449393,311.58108333094606,0.0952857429045379,59.36000362327305,59.34523439224325,-1.7393374061303315,742.2757231584872,742.1352495075538,-13.213220870492904
50.029965848875605,12.509265816755088,0.009851442416989714,2281.009289924063,4.950052089843313,1180.0076633515248,312.4554341584414,1.3654879242813307,683.500675909491,683.410288003598,-10.690528936102265,312.96147450607805,0.10616716489653467,60.190898393901044,60.18829053686563,-1.812291938980223,743.7000754778168,743.6012719887361,-12.521631388342954
50.28867871298295,12.491322960657005,0.0008343834461186674,2281.974013491262,5.011727099048064,1197.2547149018856,312.4035212514319,1.356652712706168,678.9553909066639,678.8403103059591,-12.455755941217806,312.9036524122465,0.10544535800760091,59.86064591769231,59.82499067565303,-1.6220264824825512,738.8038864303614,738.6728727767673,-14.078258286951742
50.550381251484644,12.501358009126589,0.005771069297086679,2281.0025996003387,4.939297703900999,1180.0053560128574,311.3281970962513,1.3653463563567063,682.7127839171798,682.6468491611671,-10.71170456813215,311.816533020742,0.09789103834410103,59.717553453272885,59.70394971202316,-1.6517348839036623,742.4352895582332,742.3398134149852,-12.347337728376193
50.78983751440218,12.485915156218441,-0.00777297976217323,2281.007236047536,4.954782843302446,1182.3843046809518,310.883089000511,1.3519841340973862,680.7999079799235,680.735428819657,-10.233856257827892,311.307783749631,0.10146034783964547,60.2502522274314,60.23347496804622,-1.8080091071305824,741.0600141926466,740.9451101308819,-12.061289195985086
51.025820377814476,12.500546695315661,-0.01080551071935414,2280.9883219479593,4.959568778027368,1184.7606886844649,311.1519183805981,1.3518379674595251,682.5231234250177,682.4419376533559,-9.745711758890346,311.54217209363276,0.11493664161065176,60.81514455442904,60.77918997122979,-1.7991113302219022,743.3097766947093,743.2346346524098,-11.555879531608843
51.2942286937253,12.495026421699306,0.008835685359317851,2280.9999364169457,4.981141177875009,1187.1590416561028,311.44995539239244,1.3249749070559327,683.2230208658196,683.1127859828455,-11.779711483395975,311.90933931285974,0.1160298829803075,59.45584065441849,59.410711221095376,-1.4372746042815767,742.658800026668,742.525594791216,-13.222096707446749
51.552438544150675,12.501068362236605,-0.004955505488956556,2281.0002655999406,4.926877222470922,1175.2061788450662,310.6422010479625,1.3586796285768146,681.7648308405252,681.6894661647128,-10.349139787071357,311.09310960383465,0.13302568290027375,60.11796610053751,60.092330011940746,-1.6658142516083667,741.8849310102073,741.8109955565478,-12.03049267515906
51.79816863997992,12.501135390251486,-0.0047607803439047485,2280.9894274368294,4.983451642193646,1187.1466792270005,309.88829188397483,1.3329565079748045,680.7005179814151,680.6330983275717,-10.177192837789313,310.23732488735106,0.12649788248838895,60.25846076518704,60.225502462817325,-1.902918064347616,740.955340057251,740.8439302939726,-12.079158079022934
52.03693743028457,12.492174861198245,-0.009076988391946273,2280.998425894974,4.955296504834483,1180.0021895845955,310.34074398700324,1.3699253023576823,680.5946673507536,680.5483748524164,-9.387006194298653,310.75423929237047,0.1212845635116282,60.728200104716024,60.70586225562851,-1.9362925315539334,741.320381031498,741.2552953958409,-11.30919477362917
52.28204105604568,12.490282102234803,0.0036310046893773948,2280.999342982835,4.961741374047381,1187.1587385627192,309.9195545498839,1.3582381986060785,681.1860534125207,681.1133030140277,-9.759542156445066,310.3547614265645,0.11524048895855446,60.09718479481183,60.07336520151839,-1.834046786170624,741.2859910398688,741.1855365849841,-11.629985396036759
52.54038049883546,12.496810999936372,0.013245186541500005,2278.997048634121,4.956946162809478,1181.3460580018493,308.70898088555236,1.3413224740983565,682.0116624383325,681.9050505212132,-11.77448681801893,309.1743830486667,0.11624239609248553,61.01076189639621,61.00726577584907,-1.063970885761271,743.0153704346066,742.9073949064873,-12.850662992201885
52.74688624916116,12.497318392647948,-0.006747580001425544,2279.995801661019,4.988262197688954,1189.0394877170856,310.6220408196425,1.3245658252665955,678.7758525862963,678.6880439681734,-11.062120698665865,311.1225931391663,0.12073200028047855,61.53591044297827,61.515123894470314,-0.8802779227642015,740.2921541586118,740.1849847389129,-11.932100952210691
53.01257059921822,12.516695776554746,0.010840503817801042,2278.9864415237744,4.931930923214522,1178.9651889060754,310.2879322907499,1.330518894670857,683.5111888453048,683.403876240269,-12.266320615944547,310.7845558483957,0.10783663787408379,60.71596206211278,60.69341568397788,-0.6690271121008322,744.2423159820634,744.1162155373304,-12.934011109162752
53.2411535367115,12.487929419044995,-0.009195624271199958,2279.9948851559398,4.991165116628335,1189.0284794981537,307.4749303989237,1.3356520907122602,684.0230985335605,683.9354527031057,-9.738898427674267,307.93173704807566,0.11556160751627821,59.57113342583727,59.57631679829175,0.3670203829052856,743.5667845549536,743.5178860155501,-9.363220734327413
53.42595915461729,12.501359127792677,-0.0032819501076977327,2278.979413345025,4.998506489579383,1193.2817000418302,306.86182135779876,1.3530130016251174,683.2171287310015,683.1733262615435,-9.868595280281262,307.2671245138879,0.11225825829678972,59.67469173682417,59.68670704455012,0.4821672298772017,742.885434780096,742.8599209960098,-9.414840664188707
53.6940952615096,12.49997483885548,0.008151292358782106,2280.005974805347,4.960461151994967,1186.6416579438828,305.55780914381313,1.336802463333133,679.7239077536306,679.64462627752,-10.09109187225343,306.00489051224366,0.11595690344348009,59.18085438341761,59.19926233335908,0.37667993227504415,738.9266585701768,738.8438910508252,-9.70335479238735
53.93624467245163,12.476665236079919,-0.010784002610386176,2278.9956230685602,5.008967558370814,1190.8765662835303,305.516772680706,1.3601266678341792,681.8027802213045,681.7113468643618,-10.762232200898817,306.01199201622643,0.11419965793881379,60.611280545757644,60.613789450409726,0.21565797099042963,742.3865024317314,742.3399110364792,-10.567553446602844
54.16842246317723,12.515453043178839,0.008612501435105792,2280.009276749527,4.9598974315026245,1186.6456364564633,304.52789896289624,1.3284706859490396,682.8870658541898,682.7936668001344,-10.194568361759192,305.02064450973637,0.10105483820862836,58.82685330292762,58.84398058586269,0.1493100627003689,741.6914843199884,741.6361410632821,-10.03855449837067
54.43439913726643,12.501495406979425,0.012894003099506876,2280.0069026784668,4.997722079552676,1193.7904144704485,304.6689433330525,1.3249837553827004,679.0192620117252,678.9346966287486,-10.119594945216418,305.0858018919545,0.10945446840514428,60.22672088772878,60.214884152169816,0.3103737749697901,739.2237926787091,739.1529114336005,-9.788515632396065
54.674957144038956,12.517679763309504,0.018182315510200355,2278.995758734233,5.019564012103941,1195.6827468284168,304.47652570197675,1.3346259557679554,682.0312775941243,681.964981047237,-10.575889146818929,304.9909465591672,0.11666671818873613,59.83024167770302,59.814810483833845,0.24519986494634735,741.8262835130007,741.7396005427051,-10.330263901448632
54.93642881983724,12.50020886168996,-0.011980603547324765,2278.984822606345,5.020091598875705,1198.0515330122203,304.13617226124774,1.3318653033260912,682.7008918239158,682.6285371559658,-9.806527329083739,304.59388591950085,0.11248696593989793,59.26882909864338,59.27487376420351,0.1864086760481138,741.9907723545398,741.9089396372648,-9.604391116105624
55.17863714969141,12.509742546474994,0.02144875421673379,2280.0134214724053,4.955290747467753,1184.2505569473333,304.794508617098,1.3351426741117016,678.8229690389722,678.7891758573029,-8.588487332120838,305.28200476798384,0.10698512827214493,59.579605085006314,59.587376148748326,0.24732490075161484,738.4088285298523,738.3650998139902,-8.345388851534501
55.43270823943747,12.494020221347036,0.009859046237007753,2279.9878991396577,5.007588131442741,1196.1926405201098,304.146416614329,1.3460601467382278,684.1963650806904,684.1143222248683,-9.197406790040274,304.6258797079404,0.12346023159749837,60.229873800084924,60.20779282772006,0.2677873736203451,744.3805692065233,744.3353864879829,-8.958059932255832
55.66816629264688,12.50006910051476,-0.005541336727813365,2279.005509494146,5.007394773211501,1195.6679689745695,304.27653630344264,1.3187060368576975,680.102215049318,680.02683746848,-9.213632070728186,304.77540346337673,0.1123051682481351,59.014014346923524,59.00366808635107,0.5289273797113571,739.0665913831115,739.04353911264,-8.667336184793767
55.935783336043556,12.504800007886985,0.00831727634877561,2279.0062538776738,5.034410579105199,1200.4377431941136,304.65337124471347,1.3370128721168726,686.798606462346,686.6997558899426,-10.831119934208589,305.10617917630077,0.11127275285027659,59.661450266095635,59.66004791227684,0.34445467063058627,746.4472351902792,746.3731017637806,-10.469944583307639
56.20598291093579,12.51259100505898,-0.01788711982222168,2279.9776642408747,4.9701156372224204,1184.2472634991502,304.29151697836386,1.3421118062964752,680.9468517114686,680.8666702972131,-9.54119105757479,304.74632514246866,0.1163511770591121,59.00626559462405,58.981268669553,0.028038802040153132,739.9241390615775,739.854822896952,-9.506996932567453
56.434931050452164,12.529887971665712,-0.014868068980365006,2278.9865546413266,5.031759545594596,1202.8038426724413,304.55392076752076,1.3349073497817623,682.7865025785007,682.7366798387333,-9.317545599241827,304.9962305159812,0.12637799324266935,59.89912665029039,59.890685295120036,0.5751599148271459,742.6720581423803,742.6339712014365,-8.73458273187709
56.674756085987795,12.498743698212675,-0.0007592886257584802,2278.0024493261176,4.979982867473428,1192.749485307708,303.93869723360126,1.3241842211951966,682.3378270024572,682.2835995381874,-7.898895272433873,304.425158337255,0.12313826459815477,59.39512798217382,59.39460250694984,0.03412105351311473,741.7263529740484,741.6901844910902,-7.866800182032039
56.94830368629279,12.512843615823767,0.008978849873324498,2279.989324212667,4.999808309495124,1193.8034398765176,304.21429824324565,1.3315002073265472,684.7160427307754,684.6275082125525,-10.533778845043468,304.70628950569903,0.10701905826525293,59.8114916334412,59.80343744059064,-0.13060328991997344,744.5165366205144,744.4464371614157,-10.658701846160406
57.170475624050205,12.512921047963891,0.01668183325443979,2279.004449460971,5.001829274992382,1190.915112499478,303.8340065477305,1.3205161961135232,680.8962802237485,680.8089200214014,-9.956872606466494,304.37805450791916,0.11176973039884792,59.91125677584229,59.89739115271331,-0.07446700188529047,740.7650761423587,740.7185335884801,-10.01094236279482
57.42217603884201,12.49356328092382,-0.009120655623036522,2279.0005631653107,5.005057076410095,1198.0602305048387,303.33232025202403,1.3086939241768958,682.223927665538,682.1170582651716,-11.259794487940548,303.83376518238776,0.12180725217263173,59.23171947424287,59.24295742442036,-0.0662115791407169,741.4264112661964,741.3503701794561,-11.318838849856332
57.69635613493548,12.49981738313083,0.00950843255234949,2280.993579598167,4.971858898878585,1187.1745074551407,304.7267838309797,1.3035329830220077,680.1866656029435,680.0513390750173,-12.028387141633525,305.2388876947953,0.10963887094111209,59.37614063693846,59.37210138236593,-0.02280380189415323,739.5114006872329,739.4475745906311,-12.069185309788008
57.93253417497848,12.480677458147825,-0.014338619483907413,2280.0128656376223,5.0037239570830065,1193.7993467452889,304.22515872315796,1.315443022093123,685.1445693805763,684.9745489129621,-13.925177321360175,304.7199006242332,0.09661467526903388,58.98996820120721,58.971416585603386,0.155608546532567,744.0830731251278,743.9634719231625,-13.782024323021377
58.19142536850099,12.503499473091413,-0.003981836993287533,2280.0048735331256,4.97142957777752,1189.0443870585214,304.19251249626967,1.3187322057012163,679.108230044547,679.0161977440281,-11.21621227863472,304.7044932216247,0.10877714686710539,59.45044568015626,59.43082927629346,-0.41318763196668307,738.5842400014727,738.444476528001,-11.636617414413587
58.44176242768041,12.500697727284852,-0.010367328856268596,2279.9882563800393,5.020386941650531,1198.5897549576355,303.63693727005125,1.3408202477252078,683.9146399995814,683.7866449854124,-12.696117655267795,304.134166763741,0.10164744218016632,59.720284245950765,59.694276318645315,-0.041104100687451225,743.6031065328949,743.4833467934219,-12.739557813711782
58.68802267899045,12.511788268028761,-0.014307301322820848,2279.992792926195,4.969190030300278,1181.8560995380642,303.8571128590193,1.3031999464516213,676.8257301576049,676.6674508772078,-13.342379544405896,304.4701768999006,0.10024733287405566,59.06449888035267,59.08308741267662,0.021062384397640035,735.8723988210555,735.7468767416647,-13.314475919474662
58.92382855223195,12.518026701998288,-0.008755267934405989,2279.0040061219356,5.032080298016475,1200.453608872824,303.93157415217695,1.3532258502859338,687.3941802179535,687.268738061133,-12.464646720248057,304.4323438461577,0.09860102110822,59.87003102038149,59.84450144581409,-0.40356876416349785,747.2249331131039,747.10536997225,-12.854838092405213
59.178858306609676,12.481904136918459,0.00925067816531972,2278.9847062193353,4.943741024821746,1183.7504579391398,303.835297390567,1.2996476364851222,675.0079197730286,674.897197315322,-11.285277273780483,304.3777464480799,0.11993236893691553,58.569778040915836,58.59662291906683,-0.10729399141301298,733.585478430426,733.4962102431898,-11.38786142746041
59.42861360030956,12.497888442537823,-0.003691480246915592,2279.0016159474444,5.006504798599684,1198.0648853557439,303.62747615942004,1.3163350115460366,682.5720129949563,682.4342105988792,-12.491281480432862,304.16251410196736,0.11714959930360225,60.0318788621374,60.029518739110976,-0.1947024284463351,742.5544131999568,742.4616395365249,-12.713320166011833
59.70223524380394,12.497630648999367,-0.013242098520256542,2279.012452270731,4.976615235139668,1186.1151723566138,304.0071136173565,1.3100203498597358,676.3474616006304,676.2166427409891,-12.42032392842637,304.58943802038965,0.09871082530893784,59.41947401597625,59.425182428756834,-0.18330740627784992,735.751198316508,735.6322177541532,-12.619051185354142
59.93476606574675,12.51141610338984,0.016207529572384922,2279.0034389766092,5.032046870530217,1200.4577169517859,303.9285413339699,1.3435863434128528,685.5517261798418,685.3882066704311,-13.821175156610137,304.483809491766,0.10120643677510131,59.59474174697985,59.624752375529525,-0.009014097047412538,745.1298747046,745.010963169615,-13.832341316458146
60.19327148247965,12.502179752679059,0.015806545974070357,2278.9982753910526,4.964783546693355,1186.1065058285938,303.97506004631975,1.323635440529542,679.1638336881222,679.0731073064013,-12.370408811558415,304.50926544528824,0.11679312542395513,59.09784408316397,59.08385138656926,-0.2638139546248897,738.2451477176152,738.1466860138524,-12.606472807853613
60.432384663020564,12.496794496708299,-0.01220830734290969,2279.011871071641,4.984975218867038,1188.5100918830362,303.58352952951543,1.330178015735962,680.3131716549271,680.2046523021444,-11.48726574366613,304.1287462067022,0.09068439255214053,60.54343869984078,60.53942182332209,-0.262846015106813,740.8453576301425,740.7533822243289,-11.746928471618716
