t/s,v/(m/s),β [°],n [rpm],M [Nm],Pmech [W],Ugen [V],Igen [A],Sgen [VA],Pgen [W],Qgen [var],Ulsc [V],Ilsc [A],Slsc [VA],Plsc [W],Qlsc [var],Stot [VA],Ptot [W],Qtot [var],Fault_Type
0.0098154727164849,12.501558722798704,-0.0001490700569371,2277.9890103114485,5.016182578017669,1195.1202407802732,312.0715643103874,1.2111080835072243,666.4413685281258,666.2445473910277,-15.253504686139312,312.7585684528163,0.1262681206054036,58.09786399961701,58.083100493608974,-1.178462590589215,724.5395015678573,724.3162355977754,-16.415722725595487,3
0.2221612272247599,12.493169490909496,0.0020294269296791,2279.004211347052,4.9664172836483935,1186.1229953855916,309.3197942424647,1.1904107547068938,657.7599859316238,657.590165208933,-14.040770439701625,309.83222228972744,0.1161521842276913,59.77481324709163,59.765101029139146,-1.3729430974516978,717.5172769271903,717.355079059108,-15.426602494849874,3
0.4909573104597712,12.512322464296398,0.0013066480843653,2277.0160494670126,4.987427362912626,1187.462875559339,311.3561044373393,1.1912180870627094,664.1441443922299,664.0247972927009,-10.723276536976334,311.9427225454523,0.1260319164209974,59.22515078020373,59.23618259131995,0.4339862825210835,723.3674772125235,723.287241614621,-10.299873606341016,3
0.7285496104126464,12.508348215147231,-0.0016815607114001,2279.9977053335137,4.965769928537784,1181.86832184911,310.7744296911805,1.1965863690023577,654.6740150750785,654.5600473590878,-12.666006005435271,311.3080024512606,0.1097927237660771,60.04989658882727,60.00006793884093,-1.598946992765867,714.6773793142767,714.5531603814815,-14.246598397778476,3
0.938578653821922,12.51348843994835,0.007147150087436,2278.019888043601,4.951610698645229,1180.8250310621977,312.9298329992365,1.1849283949228575,664.4998117002433,664.3895775363945,-11.405258468573786,313.4107985788224,0.1028824137384451,59.54995467290259,59.56063287376519,-0.120457938508301,724.0251342118352,723.9287910670761,-11.504372433145262,3
1.1739524891542974,12.4999130811052,0.0121670969809506,2280.988164774472,4.9719614986530045,1189.5367420804482,310.71010732123966,1.160790553778387,653.5956733162747,653.5269200866895,-11.08857401030037,311.4187656997857,0.1165959389012242,59.32302169653795,59.33093623574716,-0.7911456072331798,712.9326621718229,712.8461016569518,-11.897127751281577,3
1.4296993777528424,12.49610792963357,0.0021848887725437,2277.9987745343174,4.946895020404105,1183.2149998336502,311.90593879518025,1.1894430615598992,665.4723712920458,665.2978590185459,-14.824792666629772,312.43058265651734,0.1047176568840939,59.76507356168707,59.761636885894255,-0.1063949325643685,725.2256900899321,725.0566851531909,-14.988779925896209,3
1.6324107800491028,12.50877192054204,0.0080194924499027,2278.996332525951,4.977131749161822,1188.506674743579,310.5261857201192,1.1864244612750716,663.9914209720783,663.8328742405173,-15.221673962314783,311.15028668106254,0.1061399407326765,57.80713085644656,57.81051864106188,0.1091303018420678,721.7920820545812,721.6278266235307,-15.131912036235846,3
1.906280003547363,12.493227373576124,0.0057992055781315,2278.992812721493,4.940780761204691,1181.3581272834326,312.57037333825804,1.2103077345229076,665.0186227099181,664.8237879490869,-15.583792811337794,313.0375686230028,0.1101906620921632,59.71244443687356,59.70243388452666,-1.0846584517570874,724.7093950847639,724.4958786964175,-16.64481901990062,3
2.1382584818624384,12.493067156684656,-0.0058015646688595,2277.999878483756,5.022866264520908,1199.921198933117,310.7178116157368,1.1954920238812543,661.9306638163301,661.7885028506132,-13.5626847058097,311.289186798186,0.107798318385903,57.81863989144687,57.84486864161322,0.5436914441770786,719.7370803816094,719.6402577743893,-13.01618285133402,3
2.3712446092898447,12.502488347318684,0.0017338414192049,2280.0012362892194,4.941450981307271,1179.4825615443976,312.21619524390604,1.184039615084186,661.6318410317756,661.5163915442172,-12.737605107809198,312.8614230639142,0.1110589712675572,59.88557205238006,59.84879667322225,-2.0098260146914275,721.5214128710649,721.3646908578218,-14.755994408109974,3
2.635047760419409,12.494599988152345,0.0129652642135266,2279.003902120729,5.00871670064575,1193.2729690667616,313.0477204089883,1.1861233841240162,661.8048055711693,661.6962036508837,-12.553747083773688,313.5222655623612,0.1206592235264498,59.63401424124477,59.63915659240829,-0.2190857270989144,721.4462874481542,721.3168069511543,-12.772192002715986,3
2.82817797819973,12.50187231343961,-0.0149345811819658,2279.997870614187,4.972695925698362,1189.0375771789634,310.1275530286458,1.1790190673295748,660.7748648133165,660.683560531997,-11.472648266618537,310.76236872541057,0.1112700370480644,58.021769603811855,58.01447227211949,-0.2695079472748716,718.7599369032577,718.682224398011,-11.74423271462262,3
3.088865315009224,12.501244462552348,-0.0008711541212747,2278.985689536748,4.974147172634367,1188.5114769215809,311.4925320233554,1.1849837477768934,663.9242063753181,663.7717427034835,-15.367260923539334,312.11123853620404,0.1011429904462293,59.18841361643671,59.188883030233455,-0.8764468577136383,723.1396664372966,722.9464810825515,-16.270503911014604,3
3.326944647751538,12.506966060862617,-0.0203010826331092,2278.013705737456,5.015580602833457,1195.1403227935716,310.1637292087971,1.1703626383669474,664.3878491573923,664.2027172433094,-15.71841872944496,310.79500906483213,0.1100505154764041,58.089415185126505,58.07523933171174,0.0802538254202587,722.4690581566456,722.2938283959045,-15.64242255433808,3
3.57090271644595,12.501395578673415,0.0179110727112002,2280.9980025893933,4.948437602795063,1182.3846380159714,313.0179554768014,1.1836934601671472,658.2770442687291,658.1232107377247,-13.678103461762989,313.62323117585646,0.1091838867012501,59.62855769601018,59.57086331021712,-2.0776628303438547,717.8774209770394,717.7215936636475,-15.75003054610404,3
3.827552607532857,12.492170403236212,-0.0050772519942457,2278.9825700004835,4.971399900934125,1186.1243466650249,312.1217660483531,1.1904488255663832,663.0147845331171,662.8796137478544,-14.948008247828383,312.63118462113505,0.1095568097640607,59.76666202576339,59.7734863003912,0.3166943818550832,722.7649168817665,722.6271844084011,-14.646308244920537,3
4.074493823635407,12.508503658048667,-0.0228104056061612,2279.0026797651326,4.994487319680008,1188.5295598595828,310.63779952934846,1.1820136123999618,658.2412631266586,658.0745213829035,-13.784829739585671,311.2718462606627,0.0830823199541972,58.34986851463949,58.34243434849604,-1.2617919237371351,716.5988749414809,716.4392193487881,-15.03324479766224,3
4.339382056828376,12.48576469675936,0.0051004948873363,2277.9877244108447,4.9672357118179065,1185.6038707454095,311.53225672306564,1.1875958646982978,657.0469008354071,656.9925511755888,-9.303188357903403,312.08160809776723,0.1071559435220263,61.53795057645497,61.53724058009254,-1.2240704708302863,718.6094631439476,718.5373467248737,-10.52072054955084,3
4.576341193115312,12.510066800320224,0.0050561802886746,2278.9816620783663,4.956908910580371,1183.7382441301752,312.0919379506332,1.1818228325053992,661.6451681818418,661.5412021878932,-12.867782594575823,312.7235080314852,0.1128232329662672,58.87211160200195,58.8821626669866,-0.1143929302377839,720.5043221557476,720.4080583159997,-12.963272879039518,3
4.828720150888767,12.50306277478507,-0.0088843554296337,2277.9988912931003,4.929368997205769,1178.432429139842,309.94723093507594,1.162902689417569,660.0066725069441,659.8538803405028,-13.664890724672228,310.4837875161785,0.0932571531994653,60.00867118086552,59.99773687048974,-1.0537591708558347,720.008212426244,719.8572883566792,-14.749473400918989,3
5.086385839873796,12.490606411994998,-0.0079463226157659,2278.996499781588,4.958140686470228,1181.336947145398,311.51086067262224,1.1993766256433611,661.7489007014482,661.6630597131376,-11.773598288395904,312.128236960805,0.1110911384435919,58.7188746006134,58.724084571336334,-0.2715045465067934,720.4913160663349,720.3741972511798,-12.037586077412843,3
5.306709407384551,12.50547353755498,-0.0217422051416021,2278.997733628711,4.949609849304652,1183.7445480870026,311.8457362978961,1.194161949391414,661.2185683633813,661.0735116038711,-13.58707709160848,312.36437843578926,0.1097266161748798,59.675384580641776,59.60122848082557,-2.1082086497150963,720.8666548356681,720.6984409266033,-15.73539746025681,3
5.584531329779206,12.503882856875316,-0.0087577867178682,2280.0019678986578,4.870844798039624,1162.777356213136,311.8337107465139,1.1866308729760593,666.7059801886729,666.554658449812,-13.437626305449868,312.43235624286257,0.113142273399043,58.46620051093963,58.47490170024081,0.230059820779814,725.16919598066,725.0755553721641,-13.223259099187318,3
5.755159227629119,12.495529988569665,0.3246191859457651,2301.0116227234485,4.1918325249598265,1012.016393617243,159.10479498730672,2.4441373431676454,484.678286860204,352.17280367426935,332.9973639931792,160.18293055085616,0.4879057413357379,142.81540632763904,-23.81734524789745,140.82981027259655,576.4660461608006,328.3842424502203,473.8159708568801,3
6.009990924714948,12.4846817039873,1.277765720110915,2324.9886006972893,4.250911463293938,1032.3255946952115,160.2518508824783,2.456965353611908,495.821486008961,367.5555663169944,332.78443899373235,161.4959937761296,0.5065041616998017,143.46969135912494,-15.816330214700686,142.6276139633751,591.3808701054554,351.75846349919595,475.40375766984016,3
6.276459054775075,12.494739969558005,2.0728147325888813,2307.981811594335,5.550155952204516,1338.9768261929937,313.5640115374069,1.437872405727161,781.7845939053923,781.760840724531,-1.3223140691951996,314.1397102972141,0.1791584108989928,94.46908285380243,94.39472363760156,-4.283872393497786,876.1677380528859,876.1487589299238,-5.615273181311886,3
6.519152776518059,12.512178913542543,1.915712475507004,2285.9959545392708,5.4166581645489,1297.513423927956,312.93029257008425,1.357636325494006,769.1379776578551,769.0990278429755,-7.281775934306019,313.47245398901634,0.1331213036192219,79.33420853377388,79.33271255435281,0.2169772398426203,848.4644928076028,848.4265892486908,-7.056275285146596,3
6.782985697941783,12.503650519653531,1.5979307460144108,2275.993413322177,5.019154674406595,1198.8506807286924,307.1010398121825,1.2895760393420377,727.814324498332,727.8169732762913,-5.032949121297266,307.8325872062744,0.1177785324514989,65.93034386873916,65.93721427711104,-0.5529943063311301,793.7571125782301,793.7334356156618,-5.5528165614672815,3
7.028823494350335,12.491899415145816,1.4583193788596456,2279.9794192038653,4.666637549356893,1112.6372864299865,310.2650716418481,1.0650047703955603,592.3441038490613,592.3376286901553,-1.2777252311772964,310.8665590970582,0.0854397490627231,47.41117948399994,47.37882234697983,-1.6080356650135716,639.7187177599641,639.7394277981263,-2.8988501840090404,3
7.255700686697672,12.503874016625035,1.1083904745525233,2279.001139010715,4.999712339952253,1193.273486894226,312.8473891577639,1.2235215435075004,680.5762726159562,680.5222359986351,-8.39950498480976,313.2885066997008,0.1210591752830125,60.882340779023416,60.8839155388949,0.2382642987553873,741.4419232047119,741.3888464219585,-8.194507341166922,3
7.557826796177006,12.51153746421258,0.953535398426526,2278.98392031614,4.8428678130606695,1152.7006171564458,310.0936474304511,1.1457107644888105,632.4268500078937,632.4057402596497,-5.691089762800116,310.76068804467826,0.0909026677306821,53.647111328203046,53.60927714318315,-1.3449673716783632,686.073750754561,686.0626761326984,-7.027910982073815,3
7.808364804083389,12.504180681100248,0.796563956214798,2280.005205467164,4.97557327704345,1191.409820206606,311.95484061876533,1.1815088170696284,660.2033918415357,660.1714501259086,-7.105513827732905,312.41556038281544,0.1125221614475944,60.76561829741918,60.79220490527388,-0.5544715841837909,721.0174382008533,720.9826165667064,-7.639342323881293,3
8.0501376521055,12.498871204734735,0.6358505226047529,2280.0161756060347,4.839178624981503,1153.200560404267,310.6882677586081,1.1671614745879408,641.1603481553907,641.118725589983,-6.181252737149877,311.41890537178625,0.1019845976946446,55.96195438079885,55.95589768943659,-0.8443542857795276,697.1181416208542,697.0794042435326,-7.062478185944463,3
8.314364097301214,12.502742016138887,0.4861048059699372,2278.9871265036672,4.997453755237994,1190.894626848204,310.9891832119379,1.211096292241414,663.9165698788631,663.8533823445525,-9.01017905303558,311.47875075120805,0.1162621395578862,59.50954590515532,59.49586149120441,-2.038888195155642,723.4223942971971,723.3412557206424,-11.033942076644944,3
8.544667736797935,12.498479952490744,0.3014484108731633,2279.0074560309354,4.929110068170367,1176.5680071490965,314.3562791577676,1.18111042722198,653.470761212757,653.3098924356507,-13.838277516701451,314.8874086759446,0.1347300714105099,58.02019627767653,58.01151590080817,0.1148180112369698,711.4624179640097,711.3342578188242,-13.74681278807904,3
8.824768468333753,12.50757721617964,0.3357680155178195,2277.9768012305235,4.997320537056645,1190.3533603357405,310.81016563185244,1.1828252187726052,658.7270742053004,658.6351818849743,-11.229184632690666,311.5387693610095,0.1084408612416867,58.68106186921227,58.66103549262489,-1.1430854559514896,717.4156650160802,717.3032995362577,-12.383404043391796,3
9.063621325537923,12.49751241583402,0.0129144634568064,2276.9909627076267,5.013277011620439,1194.601061513192,308.5583272357798,1.1700925003305291,654.4788604423312,654.3956638585856,-10.11473010414834,309.0853910144411,0.1113076860816644,59.73358082005215,59.68647123179223,-1.8237543205460944,714.1926475250599,714.0943342577435,-11.95540360469304,3
9.323064194632474,12.501339942000785,-0.0071970007377759,2278.99534056984,4.999755214749364,1190.9130189494874,311.5917617596303,1.202223227356004,669.8316592465454,669.7081352423361,-12.783298320965311,312.2576633896361,0.1167352423720364,58.49658970686437,58.49411486712373,0.0774415859533926,728.3071868554397,728.1637432656996,-12.727065575322396,3
9.52106210433234,12.503450452370782,0.0078947518513102,2278.9823237065248,4.995076018135498,1193.2856079819712,312.6642862068916,1.1859561651120758,656.8332596997471,656.6845058656913,-14.033234690899702,313.210248632236,0.1125221332687071,59.746319465515406,59.72366270347941,-1.7148865822360635,716.5739361933048,716.4203102321388,-15.727164917675267,3
9.766748739208312,12.52136449329146,0.0126859960306567,2280.001656570787,4.977204466337795,1191.4210264730084,314.13286380636515,1.2176766961751402,664.5960213312857,664.4534861365584,-13.199382033652084,314.62921431129286,0.1158429627889443,59.786835019545606,59.802248820633466,0.2069788181784404,724.3888427087243,724.2641915568981,-13.000926858178875,3
9.996256177651002,12.498326364626651,-0.005434348725822,2277.9944155323155,4.9945620197121885,1192.7470575625491,311.61997634450006,1.179625646772347,661.1767228169724,661.0316350803848,-12.737663944818978,312.24285512892936,0.1143906466316454,59.28017466097691,59.244204717002674,-1.552080617602836,720.434988009841,720.2926713899011,-14.294346949992956,3
10.182090038989893,12.513772381125994,-0.003559481149557,2280.006703152132,4.950538285441106,1184.2403240589847,312.0794516300865,1.19077338121994,665.6230733174616,665.4961473091633,-13.464011168325577,312.6079473878818,0.1099594931622233,59.848532761584686,59.85947787225954,-0.6048761968435392,725.4799068977079,725.3436462947398,-14.080593722767889,3
10.43074006854217,12.50313346698132,0.0114771973805631,2279.9925107172894,4.956676217602008,1184.2404314438506,310.625840778752,1.2139212889778397,662.8822514169531,662.7386004316909,-14.562980296794636,311.28834871195664,0.1011538516979961,58.01238822593851,58.02246960400812,-0.3162643416274517,720.9122132161735,720.7488439745088,-14.877748821554007,3
10.659826423364196,12.49645269143115,-0.0098498014697679,2281.013565267141,4.973394699852693,1184.7755391706455,309.56428980545434,1.2012010103556632,666.0047995882213,665.8325241399326,-13.99631625005823,310.09820072885265,0.1007946985072077,60.24531698716468,60.25162607417216,-1.4601747397324998,726.2660032875613,726.0829064784141,-15.427727466591303,3
10.889217800428572,12.505006888161214,0.0034619170405364,2281.0098349291284,4.929892657385235,1177.609557429506,312.6320581008211,1.2017631062734244,663.4294168099514,663.3105350166875,-13.101228791342908,313.1683404028294,0.0949055053225977,59.23315546876787,59.22279915476993,0.698450312111012,722.6454105584495,722.5298790146762,-12.415996409187589,3
11.1208723568356,12.51209809819669,0.023664128220027,2277.003145336657,5.00262884500536,1194.631723026867,311.1427505134333,1.1927587662763726,666.1766852387577,666.0818997729415,-11.059835802546727,311.8208305348063,0.1103257049924955,58.98981105815147,58.98575793595608,-0.9423423885405788,725.1651562320974,725.0590885498298,-11.985533126904055,3
11.392632676552209,12.490782576145694,0.0032704500054877,2278.991815686188,4.943375849373433,1176.584793101399,313.09107704372485,1.1819105617211838,661.1412994959776,660.9925318303349,-13.13072055438068,313.6388345370432,0.130230985771833,60.08171288747485,60.08691189738369,-0.2477727536505728,721.1807701245817,721.0814194023503,-13.341510054081231,3
11.58300716828764,12.49512580307639,0.0089846197483803,2279.9955902597007,4.965946537175089,1189.041980087257,311.7512120938732,1.1809658242594585,661.2895946747274,661.2208116678535,-10.799629686107636,312.3959680727531,0.1208134722558556,58.7926467174935,58.78646862539404,-0.4634641295678983,720.0773298997092,719.9865759041554,-11.283408723440244,3
11.83870613398174,12.509028136533724,-0.0063103222840662,2279.998126008732,4.9701029820217775,1189.0507446331617,311.61715662428287,1.1665954887206782,660.2266292462241,660.1207236612697,-11.55514419267635,312.0822072433444,0.1089854931273725,60.23776898488373,60.22080448823667,-0.4793289664224641,720.4519074225831,720.3203981368374,-12.05113691749522,3
12.096497374394987,12.495348954366284,0.0073645260757705,2277.989808543954,5.01694586665515,1195.1334624503093,311.2507986223555,1.2000203430130718,663.9503914448683,663.8492351348898,-11.326756730996848,311.7837389777546,0.1163284532005492,59.91223960958072,59.91716408303889,0.2535715137808506,723.8432162338073,723.7457952753775,-11.07118046281391,3
12.347269710184555,12.489625193625772,-0.0059182358139822,2279.9995134233823,4.980852704588804,1191.4364621543027,311.3801779659733,1.1839151011104534,662.358305365275,662.2381592793374,-13.077171669244771,312.0425587131058,0.0968912848823865,58.78331324556861,58.789693067690486,-1.124923918265177,721.1512511352928,721.0033761514158,-14.182181501909591,3
12.579701963279131,12.505104083701598,-0.0026254043156567,2280.0004753206044,4.992155156239294,1191.419199604743,308.4787386423073,1.2145221645034072,661.0347272440277,660.9551802198249,-11.057971376321266,308.9974560685408,0.1226539746676815,60.065728401305776,60.03837692054616,-1.5947531175022482,721.0904106532382,720.9645540408596,-12.632790211289349,3
12.832655819719909,12.486352191264183,0.0059293519764092,2281.011825050698,4.966412485789101,1189.564936949497,316.75934550482214,1.17898361337731,660.6463525415369,660.5375108502914,-11.948177604918026,317.2755001724522,0.1201758185733695,59.84421466887855,59.840870297042336,-0.604056022502651,720.4743543317531,720.3801355238603,-12.505994497278582,3
13.077771212490502,12.506284054525988,0.0130789858293161,2280.002580353967,4.984091841862114,1193.818791978296,310.2769686447457,1.2017450476660718,663.2151229230977,663.0584809850546,-13.461795582855144,310.8468544489293,0.1128792413438219,58.57747668316824,58.59901167798255,0.3018357777660399,721.7873799851633,721.6505262055738,-13.192307381395183,3
13.293749376980406,12.497690875334811,0.0049952488106415,2279.0077924076886,4.895487430453443,1171.802993282886,310.4091432022269,1.175636432920264,662.069605288242,661.9471974517738,-12.73622515296125,311.0932504042005,0.0937965406993724,58.75350373867793,58.739894664503545,-1.0849999841239224,720.8091367524748,720.6465569251964,-13.798388915901832,3
13.568078946143318,12.48615894728098,-0.007503435511261,2277.9961321925903,4.9753698854857245,1185.5950123123175,313.66439770818147,1.1993071055119835,660.3885498649083,660.2525586085867,-11.9998656922373,314.27476325876296,0.1092999724225605,59.773603111547146,59.74313299585663,-1.912539227385598,720.1526386784121,719.9967319802555,-13.91533451473686,3
13.804178440831114,12.516393307816736,-0.0011015897183835,2279.996361574117,5.003657983680365,1198.5856496294846,309.158047614625,1.1816139369107397,664.1738955754572,664.0299983916516,-13.701295476169946,309.7568537906897,0.111384214212337,59.60575881306552,59.58094536353714,-1.6832452582661843,723.7728902530584,723.6056788504957,-15.378619252342594,3
14.075232204316269,12.499982065643405,0.0160635442828165,2276.994698813361,5.005118487298879,1189.857997867961,310.12492165071785,1.187788649965726,665.0448872041881,664.8760837660675,-14.430237457410346,310.8081550692735,0.0954139761257703,57.6514905101524,57.6458944492004,-0.5132629828624578,722.6809196229917,722.545703436098,-14.939377745694417,3
14.273702348228127,12.49259575659772,-0.0083448063262841,2279.988968612629,4.97463611497822,1193.8218681137655,309.22385417388574,1.2201874145117924,670.4489270007894,670.279271756368,-14.754759872913183,309.8376617963795,0.0987568041360526,59.150075907096486,59.15355469572374,0.050503221267469,729.5658162766522,729.4240403039993,-14.709585771124225,3
14.508333256237416,12.496898256208487,0.0116849356414998,2277.0066926560003,4.984025096095093,1187.4869560060586,308.2695351092172,1.1737831649138109,663.4446265051262,663.278422180104,-15.237983795170472,308.8531023603379,0.101261007985658,59.07971905133822,59.0442887205753,-1.2497309586233851,722.5093101245866,722.3127755068131,-16.488114569128438,3
14.765481620708655,12.511451997293824,0.007774584239703,2278.9977312872297,4.9084522593478646,1171.7979454070437,310.7325300362941,1.1941302215950562,661.5522805462712,661.3698644053051,-14.156285691141164,311.36452082305266,0.1153655065556551,60.02204890878428,59.97971110813915,-1.9813414906789384,721.5461919396739,721.3689823231493,-16.121626927862824,3
14.959586650345964,12.493243032621676,-0.0025650767656724,2279.006428819496,4.937415070027135,1181.357090012107,307.8854881553526,1.1792437102087527,658.133277499879,658.0736093192203,-11.398239072049122,308.51092549180754,0.1069331121220954,60.00915376180954,59.972113421937536,-1.7824991759325812,718.1542961182308,718.0130143651471,-13.191574463997956,3
15.194143789099083,12.502609692181922,0.0043682454663847,2279.001831966674,4.969272416633228,1188.500438115036,311.4550348562739,1.1935450848968274,666.3537925967522,666.1878509976738,-13.708477506667592,312.0398216397418,0.1134928295491084,58.07954260253766,58.08977330312488,0.2207676358136377,724.4170176488554,724.2835510319757,-13.503109691271073,3
15.44485935280889,12.493782027296172,0.0033372061711272,2281.001527428364,4.937041503258149,1177.6165994968717,310.83098319430053,1.202050588626585,663.3093620325678,663.1499098257754,-15.034426158720809,311.3029188618431,0.1288650852011875,59.824088168555726,59.79296983231726,-1.8049975072537527,723.1531321816766,722.9491297753424,-16.810513170964878,3
15.646665616752587,12.518605659001762,-0.0030251745012465,2280.018804227004,4.968513184517054,1189.0344716950967,308.85547368070627,1.1934936992192309,662.3804667156342,662.2269964246016,-12.861871714849658,309.34610478089513,0.1155473254647799,59.96868935283382,59.96120017714646,-0.9934276044523356,722.33252375587,722.1995055361242,-13.851478143271402,3
15.894755508872342,12.48976667094034,-0.0029170154612215,2277.001909007047,5.00746148165333,1194.6213316043943,311.4737115905211,1.166582159637619,658.9445148414488,658.8261867819342,-12.2177219029655,312.1490386535117,0.1178374538955255,59.23223825952958,59.21331213457932,-1.013320657436927,718.1705477812316,718.049613996889,-13.251783061355152,3
16.156672226101126,12.515648848390278,-0.0118822126363302,2276.9869096315297,4.984585814633589,1187.4642651572028,308.6060639424742,1.2021326263696797,665.2135546311941,665.0592320961449,-13.856648566114892,309.19659335015393,0.1064319372844387,59.84799434816713,59.83090425495135,-0.9754434561085618,725.0478375712196,724.892629470552,-14.83939020006289,3
16.334000033190634,12.5111783127715,-0.0010415018381297,2277.9924513145006,4.991279758325849,1187.9804902979015,310.9417873343603,1.2157450552628388,664.8674215202366,664.7589713981363,-13.17270570485047,311.4814269782758,0.1127892555956237,58.67236533930403,58.67686638240628,0.1755426056084394,723.5320360532271,723.4041742310594,-12.982680635753448,3
16.55392028114279,12.511658986186768,0.0222035165081282,2279.9887878759446,5.006091903476001,1191.4235573691203,313.5147711654141,1.1814297486493357,663.2203721832228,663.0256663074568,-14.78742632798989,314.0749957630492,0.1136471267115546,60.08655579370078,60.06101868961227,-1.4501154519331156,723.2996901204272,723.1134565515304,-16.240486040866315,3
16.80393623768796,12.490243321481469,-0.0159300622053347,2280.002070238645,4.932283664202311,1177.101884507743,313.9877785960313,1.189278188425586,657.2254665223891,657.0695771004814,-13.95500119819664,314.5925346560408,0.1108049081815777,58.56100120977445,58.510441957253256,-1.73555346679807,715.7643400608074,715.598234513752,-15.70366512715702,3
17.018191149368015,12.499793396675509,0.0046881204971393,2279.0044707678207,5.05653176898646,1207.6066263746254,309.60528724607406,1.1517397988822264,666.1519153479777,666.0016645081158,-13.628368914812691,310.41472260333114,0.097777675942156,59.11201527152637,59.1029899350244,-1.0840778002019362,725.2701426462664,725.0996441476291,-14.72702997616686,3
17.24482181785876,12.502784302464187,0.0137226246452503,2278.983844725277,4.96904878823944,1188.5035579865353,311.02030803403056,1.1852537666516638,658.1455423825498,658.0003095230145,-13.60488854469492,311.5501585837257,0.1086630629052463,60.43434727947832,60.40396871317019,-1.3633635401908937,718.5542750762678,718.4131498507583,-14.96776199384627,3
17.512645657627008,12.484758475339968,-0.0062046022089441,2279.002494516293,4.9676730225850045,1183.73598559283,310.6530596343721,1.2188425242924237,666.9573157476979,666.8498429018679,-13.80040137116328,311.2410031013367,0.1119918860437053,58.83627428847395,58.82234029326824,-1.6464886628245723,725.821028135758,725.6662406275725,-15.456091905593066,3
17.745765754757787,12.518426052401043,0.0011231858924061,2280.001067152122,4.961553618630604,1184.2222485068469,303.56422748788646,1.1431355641772334,663.2387198552533,663.0605200683153,-15.603665965107282,304.20333953348,0.1111924042237679,59.59978221491202,59.59334830583519,-0.95738104238495,722.8494922862145,722.6609413530039,-16.552896484379662,3
17.989967017396133,12.483073594307005,-0.0132878077062003,2278.9866673126608,4.965791512031936,1186.1207130601213,313.24108226024055,1.1962854985797031,660.2419013587045,660.104458932049,-13.63543903529107,313.83818548007264,0.1428735085613388,59.45283648816598,59.45158876554056,-0.7651512714776824,719.6880487449175,719.5430164591087,-14.404163264314503,3
18.21676319631823,12.510918182555413,0.007485888274194,2276.994205256564,5.012205556001472,1196.9942229772637,311.6946368225292,1.1925143666635345,663.354720734371,663.2503208973638,-11.72236434347772,312.30776237883055,0.1004786578048626,57.58435504752821,57.57553079454932,0.0455422701039492,720.9053788066229,720.8051673676163,-11.703010722951383,3
18.437131989421108,12.511889282071992,0.0053901723025298,2279.992389790437,4.969773051445916,1186.648955466488,312.084525667289,1.166223762902573,659.3296770182568,659.1671278285831,-14.868703171119638,312.73975269749513,0.1195392358714366,59.31919342624554,59.31051977859261,-0.7564204189457595,718.63301807825,718.4718890528957,-15.640895208138549,3
18.67859292117229,12.49294809880228,0.0026927589076352,2275.989264616984,5.018419423183251,1194.0730591162346,311.0115509233769,1.1872436014458776,669.8730875919325,669.6361647623868,-16.529394009266916,311.5995315648244,0.1152214426946646,58.96922361937442,58.97001265553438,-0.4237143285574797,728.8300755006929,728.631427790669,-16.960010722406917,3
18.878187204528896,12.49338509976242,-0.0212019712365397,2280.994279811812,4.938495017647234,1180.0158371688317,309.686702874861,1.1762154119722257,661.7732373681381,661.6372263064187,-13.951586481630097,310.2973081491812,0.0984711698330679,58.79347505960167,58.77785956985694,-0.9228186065985708,720.5761250903233,720.3942848377901,-14.890353833394002,3
19.08851499851626,12.4986534884468,-0.001579691543082,2277.9987750392124,4.9892848676147175,1192.748367731368,315.96408629149664,1.2048695838128014,665.3392301120285,665.1891799056315,-13.45056721058354,316.5477022269612,0.1166653432422362,59.456383549414205,59.44276863776344,-0.7350584389773058,724.8149550501855,724.6503228583298,-14.152368017851073,3
19.348972831732286,12.492033181169818,0.007770655133831,2277.9925739480063,4.985034996374893,1190.3688722361255,307.73238607982444,1.1776676512710018,662.3769367885802,662.2340987506367,-12.167530137226436,308.34042867973886,0.1155893303106504,59.331198741688354,59.288453675342296,-1.1603565735800525,721.7161923848234,721.5914175896235,-13.30584401599229,3
19.56663598472342,12.510311727050004,-0.0031389542442865,2281.008471766316,4.953213629076834,1184.776857542155,316.5429208041428,1.1866793354763092,658.8204451842813,658.6795989529867,-13.733000132821749,317.17968004933005,0.1031099546796257,60.24220023563172,60.23619871164652,-1.549164288219389,719.0706788025593,718.8928132070845,-15.286368658639804,3
19.78524013831041,12.502232314107957,-0.0006917697735661,2277.0043602946807,4.958636722394914,1187.4621691883003,309.5476900215528,1.2033598614766916,663.3233436169105,663.1081077013804,-16.544376105983808,310.0650308341167,0.1085634259077069,58.45848753804757,58.4536811176887,-1.0156752341702149,721.7875924016266,721.572651197463,-17.563272182724823,3
20.034505365279824,12.509165136495907,-0.007933009215175,2278.99948465635,4.97731889753504,1186.1203818456945,309.9233658266529,1.1633328334024242,662.592688229643,662.4383298717217,-14.424114908358469,310.4905927602084,0.1087061477482348,58.664460140726256,58.64309447015943,-1.6092205146337053,721.258075450888,721.0863903948054,-16.03785242202116,3
20.2153574754446,12.501602451981448,-0.0048835661648014,2277.9958923026425,4.972587168749458,1190.3717835399907,307.57127938719145,1.2072077626371789,663.2149141796639,663.0852008747268,-13.42620986096425,308.03148464372185,0.0987281289795294,59.28766788169128,59.29602687391272,-0.9710094197566465,722.5042123511474,722.3398268650983,-14.41875409280572,3
20.44946247710403,12.491850686187751,0.0230640928150514,2278.9850892057248,4.98288793785034,1190.89310617037,303.31732877301755,1.174871005333136,667.9375635098407,667.8412449884154,-12.210910363112347,304.02146189741967,0.1100840003597065,58.39254334405937,58.365450484422574,-1.4402402993119785,726.3099393701393,726.181819997179,-13.64457069651062,3
20.68643664082333,12.49859511351973,-0.0147789546151989,2280.0069779475234,4.936258911176921,1179.4862067014533,306.8268946263857,1.1769059271462818,664.2843896337342,664.1796356684844,-12.66250254715952,307.508545297209,0.1120908132726979,59.6775359840538,59.67631145457575,-0.6524394887614792,723.982528879789,723.8346211743741,-13.32986514454412,3
20.91828288572417,12.51581040680996,-0.0039698453633132,2277.008668987125,5.010298940260287,1192.236956417344,305.0483725602546,1.1561572847768335,656.4005843968093,656.2671084535814,-11.766977530924386,305.7923693948118,0.1021869014942274,58.61534529910512,58.61454314954387,-1.249664565766309,714.9963420983798,714.9032388705932,-12.995123201459869,3
21.167925892386307,12.506456521959992,0.0026625417811967,2280.002764640228,4.89610601105089,1172.325086663526,309.01476276325087,1.2136544556980533,661.8331344928273,661.6905204531492,-13.560198935842337,309.5510734461901,0.116568527808367,59.36026247955036,59.33907625489972,-1.087608082450313,721.1701324807754,721.0365870338918,-14.645706000099706,3
21.354019385358225,12.503384392056985,-0.0095693771434962,2280.005898111356,4.946324053736229,1179.481266337683,306.66692296960406,1.1800297937986737,657.93893670151,657.8019993184006,-14.543790244975767,307.2777186037695,0.1310238220678393,59.34843559282214,59.33388184747276,-1.2149780721612151,717.3265904925098,717.1374824095499,-15.750836550278336,3
21.625367484701737,12.507504872566177,0.0033931961573685,2279.9950806767342,4.95322044792855,1184.2449509593075,306.90172187603275,1.157570393160628,663.4843547264338,663.3107767148357,-14.046906772261645,307.3628645027035,0.128856881094189,60.60321552801741,60.61925779113973,-1.1545717164863432,724.0979690442138,723.9287613761969,-15.199505614588755,3
21.839050945624777,12.51676224087382,0.0201261581829406,2280.0110460294454,4.961021714520069,1189.0181993921426,315.06752118890154,1.2060969476889194,661.4758320534744,661.4029454313633,-10.97737194747514,315.74989562297844,0.1246315490893666,59.408136127702114,59.39480165039,-0.578894833387958,720.8776713680481,720.7889056713968,-11.559614146632882,3
22.066872962157984,12.488825302822082,0.0067213846941604,2279.996450235356,4.922708877300087,1177.0912921470813,307.6876961725675,1.1894676205055998,665.0068817779623,664.8021831937865,-16.633336396669474,308.1815385563924,0.1055222564208601,58.9880442625495,58.98575045814482,-0.9753225044050332,724.0200559362055,723.7920637343327,-17.61062222187545,3
22.326107412148552,12.502982100024026,0.003799090499847,2279.9976435860235,4.940210308607595,1179.470998988129,307.2348607176158,1.2037442698428575,661.5439938255405,661.3790017057378,-15.307810707978136,307.8589967975791,0.107766354035922,59.68608262543327,59.66873273550292,-1.1510671973669524,721.2181171462252,721.0242144932911,-16.476635496441357,3
22.558405973229394,12.49768318051052,-0.0056507637587048,2279.98603715484,4.938400944037897,1179.4822989999848,312.0449008401845,1.2158207812526869,662.6525348421035,662.5375914798154,-12.781296826015856,312.71783833624875,0.0925365907670884,58.83270752981543,58.7719882792271,-1.811090211226108,721.4673729095664,721.3217490320907,-14.560363628222913,3
22.80226466793334,12.495970253060433,0.0010639883002232,2276.992327799493,4.974433362937105,1185.0804794778962,312.5051350799,1.2026658833204735,662.473984924735,662.3493510889189,-12.223402579850008,313.0484195605255,0.1084418071772796,59.61665322777591,59.58619435722188,0.1868028444979222,722.0677385799281,721.9626054680659,-12.04260153980337,3
23.01110596220914,12.501267141834337,0.0052541472522971,2281.010951563087,5.014272945572139,1199.119010004793,315.1936735885565,1.2028879666861645,659.748788754873,659.6230714913569,-13.192549470046664,315.8065203143988,0.1055034559090459,59.19089719071444,59.15983488545883,-1.681495582084492,718.8987036847474,718.7679161805863,-14.878423583553806,3
23.24784054830083,12.492134218738803,-0.0138623493148031,2277.993234967488,4.96106300820562,1183.2194469145838,303.20322874115504,1.191642192111983,660.908990734896,660.7815328222727,-12.74301212953594,303.81158425195633,0.1108536433676765,59.60772942299878,59.62116351254083,-0.3386448410449796,720.4985214408421,720.4101794286603,-13.073776216035595,3
23.45811233834868,12.495755094537875,-0.0002504181162173,2280.011226177408,5.030113225699711,1198.572755655487,309.88188324780265,1.1926027681182534,668.1318452711103,667.9908879475353,-14.692282895661258,310.42865637612203,0.1024143625018026,59.18819923233781,59.177886746360485,-0.9496669600072716,727.3329504322754,727.1501588107473,-15.645103643047852,3
23.66271804862351,12.512758454981173,0.0024289988763204,2279.995360210401,4.989329325052943,1189.0350898508775,314.182531247393,1.2048740672636202,663.6451142014452,663.5116649625093,-13.05217545985838,314.629122712677,0.1010239080747802,59.95642707076316,59.93998870762832,0.0386925963835983,723.5785536408578,723.4725669759852,-13.008458837588474,3
23.919856596203896,12.494318718479365,-0.0177623130182416,2280.003892664592,4.949786806104352,1181.8753718778626,312.45664749336925,1.1876905612133426,660.6932397990236,660.5808352650973,-11.93423963863468,313.1729797724925,0.1157523603738633,58.72040997797059,58.73560869045927,-0.0479742072341159,719.403682205301,719.3147418696182,-11.98046837002316,3
24.153136631317096,12.500932913382307,-0.0008294571398252,2278.985410740305,4.961230795626638,1188.5245496611117,310.7901641920716,1.1932492900772378,663.4131041599603,663.2697997858631,-14.692005413456316,311.3120923177478,0.1012793803704466,59.418635187209446,59.39372165187583,0.0246216652783773,722.8315727827047,722.6856174884724,-14.63633184079106,3
24.41016375773092,12.493156445261745,0.0265145781995975,2278.0102349141234,4.9632186810153405,1183.2039018139506,310.0287253123822,1.1867428605209094,662.5811585961357,662.4577598784371,-12.495664827817958,310.5523860289068,0.1098293288414168,59.87974820231317,59.87677961900096,-0.671105292481359,722.4674814311858,722.3389651302393,-13.16259119615373,3
24.61670463781062,12.493793864620288,0.0063760759936964,2281.0191564246325,5.025767477405072,1196.7198938233444,309.43848443985195,1.211844758418667,661.9652884312457,661.7919964705249,-14.967995923348436,310.0124162828311,0.1101383383073401,59.639805824372985,59.63798309220637,-1.1733871180726223,721.6242397216307,721.4355846931668,-16.145894155176084,3
24.857468119061213,12.50505254467019,-0.0051479941667943,2276.988099922753,4.949617094616403,1182.6990890799775,303.76993042995343,1.1616513737602945,668.1742768671298,668.017729646052,-14.22264972194899,304.46435424662525,0.1050138784598926,60.3309331309768,60.32032985491986,-1.030597279099516,728.5331637750924,728.3816593641478,-15.244671993150442,3
25.087362709574645,12.50115432709423,-0.0066010739353536,2279.0049750132266,4.966138317226858,1183.725004058845,311.3731636630103,1.1932621784678237,663.221595043395,663.0344735048006,-14.975143380636863,312.01458002122314,0.1175678313266534,59.05286666648824,59.03063734842761,-1.2249942354178127,722.2430045622918,722.0724713359715,-16.22122435282617,3
25.27363521315356,12.491805933387594,0.0102546855286863,2279.983737341868,4.9620641081503205,1184.233782115264,311.81949861214343,1.19995331089261,666.7005582427099,666.5431520992298,-14.485092432380611,312.2758086620005,0.1131088571678502,60.49877814949802,60.50313025016815,-0.638939977722063,727.2071228140487,727.0702756074613,-15.144468853412448,3
25.51995800166273,12.503237097852816,-0.0137485148098204,2280.017572898212,4.970805731652661,1189.0306478084833,310.0429860783737,1.1875574772047008,659.6757529388259,659.4485427266928,-16.20094324947284,310.608482413402,0.1120893800162653,59.395077033013344,59.39986289713136,-1.290682192367264,719.0580916641177,718.8611568068973,-17.446209582259044,3
25.77315658014768,12.492345892823671,0.0084128817494568,2279.002211467061,4.972532671919364,1183.757400759077,311.4839087630595,1.1853098558060142,665.9782760222369,665.8155793503151,-15.175590341358804,312.08622673067,0.1102458147541883,58.40075563594228,58.40873233460291,-0.4038862000014742,724.3979891718134,724.2024278773888,-15.576536640500864,3
26.011993176584568,12.49992763691034,-0.0017666040634103,2276.995693506472,4.977513100628119,1189.8385560867998,311.6158364578159,1.192834575179188,662.8184992118883,662.6371860476266,-16.650947861662925,312.1656405346402,0.1056289706981763,60.29121660958819,60.27501659306109,-1.7769094220328188,723.1279858360707,722.9009657200909,-18.4195446226456,3
26.24310854474713,12.49816635239998,0.0058340094920731,2279.988588313697,4.975629416957687,1189.0206278991511,310.5722857123738,1.2054076070896595,664.8998332139195,664.7576971659105,-13.442463833589532,311.1605348345138,0.1283801651284276,59.44332459977436,59.44565563455844,-0.463032514151013,724.3260384887985,724.186955542686,-13.883016444568351,3
26.537325974534,12.512321794851635,0.0072869701353891,2280.000947647802,4.975203446454151,1189.016249842425,313.4379926558643,1.209905367743214,664.4408030901023,664.2689761670649,-15.090138606398089,313.96313223816003,0.1166471431913142,59.752647323189294,59.75343808480308,-1.8521167053051328,724.1907377662843,723.9936362434943,-16.92575396866998,3
26.76260349735197,12.494864639069112,0.0229072996109357,2277.0065133773933,4.996986165206461,1189.8582439783215,314.7920844911092,1.215817729827624,666.3650578821537,666.1514833620558,-16.663973099558714,315.2407178647976,0.0906560351757487,59.498982183608014,59.47566221915508,0.1113565478053023,725.8356016266129,725.6279681116582,-16.5544175199451,3
26.984979912289973,12.5117870094877,-0.0072243740544433,2279.991602489268,4.989023577830028,1191.4335450330063,313.941437698395,1.1973548311841122,661.2605062815635,661.1463066037624,-12.077586811344636,314.5734295831804,0.1198030666252309,59.513260775569584,59.49002749517454,-1.876098145729632,720.7822987039001,720.6347104283022,-13.9773050495134,3
27.186943357774105,12.48129633060285,0.0066304172600148,2278.010871131107,4.948087794142676,1180.8424905303043,312.3612715461253,1.202198750224612,666.5392203446452,666.3853843329516,-15.17895983435372,312.7869664377069,0.1027454834814908,60.35283612403178,60.34619668448367,-0.5946424527342239,726.8859878501002,726.723426783629,-15.78457792686419,3
27.43615729157121,12.506157963095612,-0.0111206608003948,2279.999438838832,4.974884074208764,1189.0172971344164,310.81544139364155,1.1850754774679382,666.9587585180799,666.7979263579888,-14.686661537494382,311.39928145309057,0.1047920068579264,58.763578619957904,58.77018148063628,0.0761015550278489,725.6951949175178,725.5608225330893,-14.61451586228537,3
27.69004423125043,12.516797362385551,-0.0058834174478511,2280.014162011295,5.022899937683949,1193.8178982629393,312.5331715476461,1.2152685933703475,659.2613738718186,659.0823318278846,-16.408542346557542,313.01018403766767,0.0838990426933835,60.13080281064477,60.11350583270521,-1.596341963388792,719.363630656485,719.1628476392424,-17.987792672558516,3
27.93561461507804,12.49533258413465,-0.0015760018958152,2278.015516580703,4.988769363414464,1190.3756545782492,312.0688340543932,1.2121687174188729,664.7872074584224,664.6380703954816,-14.702974285689772,312.55097450605643,0.1208946905711228,59.722133451490265,59.72936246649097,-0.2122848164969751,724.5022088142271,724.3608582377651,-14.884609163425637,3
28.18152563333708,12.50246693982339,-0.0099366796263156,2279.014444479384,4.94569868586228,1183.7482045320123,309.8240083037494,1.215245196573258,663.6139021738169,663.4575899170138,-13.772282104278958,310.4454415696154,0.0961450379169173,58.39098420855147,58.39573961673189,-0.210591254702611,722.0092596211339,721.8685272510837,-13.942207392665908,3
28.46565055789766,12.496519639467223,0.0040723914492192,2279.0004963040915,4.956655790350396,1181.3347202513414,313.5178408110303,1.208568103066702,661.6503431542089,661.4946971537354,-14.776980167809288,314.0120630151856,0.1048775791446316,59.87404401987899,59.8414320990866,-1.7696330268631368,721.5272877545767,721.320965767683,-16.577150511152343,3
28.70734245142452,12.476479406235107,0.0060676653703265,2279.002840214001,5.036869565282736,1205.2158039048245,312.671778532299,1.1956480917333567,666.2129563445558,666.0092157673789,-16.74380614801736,313.2233406821189,0.1160656684147832,59.11281079131047,59.0839027083592,-0.2566679439133445,725.3089304961261,725.1238769349031,-16.97618002941751,3
28.963455541377563,12.493831123319437,-0.0082663712602172,2279.011436399488,4.9689517852384295,1183.7311821849598,313.3101032328536,1.1953384538205245,662.3160385787867,662.1555638104774,-14.226804816885592,314.04151984264746,0.1096538187707809,59.90867338573291,59.915135212299056,-1.1535431645561751,722.2320311739865,722.0520832090426,-15.38402886002636,3
29.21050031129168,12.487621575329024,0.0042222239228295,2278.0010176284213,4.980468465770439,1187.9948506939695,311.9996777522117,1.1838368546131326,665.5131498973611,665.3787956334794,-12.576182182879606,312.4974391304652,0.1247847774599153,60.75426479272305,60.72714363755098,-0.984496370900444,726.2688812746592,726.1303388825411,-13.574592003249638,3
29.464570912147344,12.521396693300709,0.0075376448482919,2277.995057838319,4.988183292078087,1187.9937157829206,313.2652870428525,1.1852870906747586,667.265300877444,667.0636433247926,-15.922517346902836,313.8515576353878,0.1226510571723744,58.9278712306883,58.95562188134931,-0.0637892703605422,726.1979885619505,726.0258553372975,-15.986541636976376,3
29.68839920498894,12.48880841869969,0.0021848748931586,2280.9840944827897,4.92574643430944,1175.2162574326198,312.2325426108224,1.1988333447616288,666.0557790053673,665.8973172713506,-14.622673516039049,312.7374696135997,0.0956258454968933,59.69410623763029,59.66108606727849,-0.0998333022026308,725.7106562201653,725.5734236249262,-14.716750558868103,3
29.930243168758764,12.497747726918805,-0.0038323196919736,2280.996968918781,4.977270078401223,1189.5503493403078,313.0686123020242,1.2018425065825251,667.1744290993603,667.0692991567654,-12.705267786076371,313.5207230378955,0.124225354874188,59.71872736433665,59.72489747201248,0.135084000272217,726.8710343278727,726.7826197086358,-12.578204728706472,3
30.165739332895978,12.48676784592337,-0.0107067331322977,2280.007642846211,5.02364131038838,1198.5752047184417,313.3239123612988,1.1971621796412002,658.3517641722859,658.1521666630806,-15.922389515965245,313.88391469636895,0.1118707532248186,59.07045147779241,59.07271106659955,-1.8006473670646934,717.4375268549193,717.2150217257762,-17.7179070053826,3
30.365184327507745,12.495916447711446,-0.0049777371281412,2279.0102849667537,4.975787927799462,1183.747256717976,313.32591610640856,1.185559609810776,667.7586581693846,667.5946269639636,-15.280960747874309,313.8328673846886,0.1039164759381049,60.94018166165897,60.94294563164696,-0.0938272275458087,728.7028819040046,728.5214722018908,-15.37088341862788,3
30.60290421598104,12.501066812650736,-0.0106289561522698,2279.01598217129,4.957353475538829,1183.7473468154585,310.3164281332425,1.182558923802245,662.1401132660005,662.0535411762455,-11.989343503357684,310.9750676994242,0.1100552138821173,58.486337748987616,58.48535245744815,-0.4116268493134527,720.621551197572,720.5229324818245,-12.402356444602669,3
30.864738073317376,12.509253948025076,-0.0228070873420696,2277.004867234464,5.01479702667206,1197.0001533432626,310.87588064167795,1.1732935196702887,665.3612531217182,665.2493023220328,-12.807481871720032,311.6087650138724,0.1216576047806912,58.13919770494067,58.1328835758783,-0.62689941785912,723.5178312301233,723.3944670640258,-13.413264937232512,3
31.098521155014733,12.506824545851698,0.0033836807225544,2279.000349092799,4.984270085518575,1186.1179040502302,309.3299734103656,1.16995868679676,659.1008134425953,658.919282823849,-14.406823846501611,309.80187639297424,0.1010991315325081,61.02568607001601,60.99497104314175,-1.2676802101971911,720.1157021927442,719.9393952004742,-15.677835932322878,3
31.318559181874107,12.495474683396804,0.0041262580445823,2279.0095788087583,4.955586395626098,1186.1106609902909,315.6758860965227,1.208899407753913,665.8998472500361,665.8468581445067,-10.64546107839619,316.16248478977315,0.1194597366008703,60.57262262145306,60.57299203937604,-0.1156692408958225,726.4527576922151,726.386945910659,-10.755508807761345,3
31.544552480539643,12.509909893758564,0.0010131243673373,2278.0118228336983,4.993104803427815,1192.7517531317249,310.801498294222,1.2048180688437533,663.9725029955976,663.8286780824748,-12.949842446670898,311.3429453697817,0.0999894906042397,59.08601632014392,59.09385237304711,0.1276499114540139,723.0390875958931,722.9371394644401,-12.8263936314415,3
31.8297965087413,12.499958444049051,-0.0151288278237215,2279.00510294095,4.976556057872009,1190.9151346234446,312.8300463400621,1.2017910914087702,664.7036444970315,664.5444836461938,-14.366046619023008,313.54870446270786,0.116947645487621,58.4541892695704,58.41443294195903,-1.40752188839108,723.1351611166662,722.9769229847838,-15.757839026516091,3
32.0603802578792,12.48535828470899,0.0091902245480011,2280.005774213424,4.966852975796212,1184.247964944258,311.87695604084,1.2089942501730049,665.0253207189342,664.8613500406609,-14.542714029884678,312.41242670836687,0.1255527855252119,59.26327893878196,59.280462007203305,-0.5238452851891838,724.2816275762638,724.1298582760967,-15.048451468630882,3
32.310126780576304,12.49063290909026,0.0138730230905746,2278.0067686786874,5.011815467048924,1190.3566456311285,310.4519216322401,1.1897681724010922,666.5998455702259,666.4655181886761,-13.31615128645076,311.0397775892009,0.1078117578236301,59.63322922676818,59.63806363919834,-0.8304123643398146,726.2520021927238,726.1078553299787,-14.144206802228526,3
32.53384118746186,12.491270506246606,0.027810547176317,2276.987364864564,4.986324389978569,1192.2158401464194,316.63787973584505,1.227195809495298,673.276223671111,673.1169299805356,-14.130859245526414,317.1604643128844,0.1202077946302196,57.64296820720345,57.631473394681045,0.2543808984659318,730.9203015095532,730.7785227512093,-13.880391376432785,3
32.70875368447475,12.492741760385163,0.0031576338057067,2276.987490781486,4.988409036041666,1187.4558698155938,311.48725918749,1.2161439044764295,665.7079035854441,665.5790719394141,-12.276889343091694,312.1412354048145,0.1042769253577716,59.25431217202262,59.25281513871968,-0.9280833157103496,724.921564026252,724.8072137780209,-13.209348548564954,3
32.94625379047526,12.485993136125416,0.000919764082218,2280.99731838571,4.9455526236679646,1184.7845973154597,309.0432747047659,1.2193748594853973,666.2273592223148,666.0925345702907,-14.344642985164311,309.45844424676085,0.0912279013261847,59.40508738908567,59.40713928170267,-0.553070747374007,725.6499972289334,725.4831627225957,-14.883558334641126,3
33.20068486991941,12.49849848811347,-0.002197734936785,2280.0037561802083,4.994780077160725,1191.4226354596017,315.5405269429462,1.202583837504638,665.0291493757735,664.9069391025564,-13.329662082298093,316.1603253931129,0.1200846800048791,59.52547254129417,59.49808244302813,-0.3529480273801877,724.5505841110098,724.4424924332392,-13.679026985185327,3
33.37542097773523,12.493420918760906,-0.0021673679824345,2279.993047355057,4.953795872903468,1181.864132109238,313.71992771324483,1.1834815573230315,660.7014762404851,660.5505166636614,-14.76670267308806,314.4252262758036,0.1119272257209925,58.735328657215945,58.71560233680049,-1.3304058611029763,719.4555097935609,719.2572703003999,-16.079374357084948,3
33.645834958260394,12.508826541362398,-0.0096406503385573,2276.0052308291174,5.043874693201504,1198.8587940647378,310.50658829090617,1.1855271315170663,663.9895023377836,663.8520953034795,-14.121456190673369,311.25619700941627,0.1092148071430529,59.40370592838849,59.38101423295834,-1.4574157924724405,723.3871255658064,723.2456132748032,-15.58768486203178,3
33.886786736406044,12.488675374869455,-0.0008870338688989,2278.991979987565,4.983475788323288,1188.4992347094696,307.99239365450063,1.1926571213209085,665.2942770074657,665.1492143656603,-13.60041565857428,308.6247280737909,0.1196107997922123,58.76254822456616,58.75269989344638,-0.5864480444846798,724.0557668331716,723.9040522221662,-14.207833746992348,3
34.157500376710104,12.501569855914813,-0.0142247060732323,2279.993408640331,4.991845694948145,1191.41630994533,309.04928906740344,1.1902462844556034,669.2775680479999,669.0455726269895,-16.961285833589596,309.54291911467794,0.1199270322026213,60.509372496377466,60.49478671405832,-1.612129451623315,729.8085590014232,729.5531350007697,-18.57135517970632,3
34.38284577185592,12.50114510165757,-0.0151515532030067,2278.9977423603536,4.924342240102495,1176.5634599483622,315.3504432087201,1.198962239473897,667.3992201540075,667.2629819607984,-12.747658398981557,315.9441290234205,0.1044029213348816,58.35353397371442,58.32382464881383,0.0188397810533283,725.6989151773887,725.5973777456721,-12.718383802824402,3
34.64342065118365,12.5005452567967,-0.0098276296997799,2279.996746291564,4.975688710108708,1191.428233078782,309.5646215024552,1.1841275390218784,667.2382877049248,667.0701471444906,-15.147056429884614,310.1296561153685,0.1026825841065014,60.35441096618525,60.370023237480666,-0.2590664552266984,727.5708067540751,727.4061756235254,-15.426705331810355,3
34.88137916655257,12.497587620599482,0.0068849488510831,2279.997194149192,4.97025338451518,1184.243427381333,312.8093188829043,1.200250935795624,661.1366671024242,660.9713943447829,-13.856158506406084,313.36719560978986,0.1097792797888898,60.00942317405399,60.012115714943135,-0.7007553154064118,721.1491393665094,720.9875737289984,-14.559868793912788,3
35.088954444731854,12.511464484206336,0.0051592797479742,2280.006890708075,4.933270048656425,1179.4897005015384,307.86935162002294,1.2141762188027891,667.0082550744523,666.8444763965358,-14.387656009776055,308.356536716224,0.1266436943823772,59.19787514055258,59.20668864369858,-0.9169383278864,726.197797716142,726.0517787608292,-15.283067359440526,3
35.293822213505294,12.48440738167764,0.0114314181447544,2279.011847897324,5.031091055612947,1200.422055365461,314.9725331152748,1.214833323509328,662.3763664894199,662.2280512393537,-13.560101990153608,315.49265047222934,0.1024615639551283,59.6019859227394,59.59935042683573,-0.4246341116478,721.9563312201471,721.8309249396798,-13.968630905106806,3
35.530994982125435,12.486435475517204,0.0004180234588631,2279.9994067551143,5.037123268084345,1203.3599180709298,313.1986146156292,1.221644980999823,665.1722169991502,665.0438371642176,-13.644389139008434,313.81113450838825,0.1127887855549936,58.678124803247485,58.64991459327848,-0.990721094391898,723.8404500105949,723.6860909788646,-14.652304123221365,3
35.74302540121392,12.512694989300552,0.0045198118889312,2277.9865210099365,4.972683676897502,1187.975906430289,313.9677063733669,1.1975954140760543,666.521925130995,666.384033688199,-13.707158226451044,314.6045085785637,0.1211655898648938,58.56777609438665,58.57342400750836,0.1501312100936436,725.0889559945239,724.9651673124669,-13.5581118260524,3
35.99987277578497,12.513518631272529,-0.0072495000713861,2277.002635041732,4.964449488433337,1185.078923829787,310.53406040030467,1.2009598312052372,667.2000680883854,667.0548107064733,-13.726431646805263,311.1215639871496,0.1176999868023774,59.142087475461935,59.15019199599551,-0.2337551463507144,726.3459939640104,726.1912165541211,-13.951468065548084,3
36.23048164747906,12.48786708201207,0.0098258992777335,2279.000478539117,4.907825455161336,1174.1848305585352,315.09247764040094,1.1973863301543757,662.8995358411984,662.7274530768568,-13.629909805273702,315.70884785850257,0.1237029075162213,58.63573254357882,58.64312177644013,-0.567891765631516,721.5511980654809,721.4011343567626,-14.210078315613048,3
36.44165438436311,12.49691647387639,0.0031037675989101,2279.0013532617936,4.983259508253738,1186.1133279251078,306.9572378290927,1.2026170619907113,670.723983601809,670.5652958165858,-15.178924205301508,307.6086116499699,0.1236272683668037,58.64757526633275,58.62941289465533,-0.3243303112299168,729.3568107936385,729.1781054724207,-15.529458096107174,3
36.664966222327685,12.49339295409932,0.0142973617959828,2276.999500042765,4.976951831569084,1187.4512435148151,314.203975464994,1.1845839253626975,660.3753262183153,660.2794918712142,-12.908223807877969,314.85699403272224,0.1231156583713551,59.837743972784985,59.85541220132611,-0.6378374835065435,720.2355272181596,720.0912312172087,-13.53719121065146,3
36.88843581910567,12.497286113984291,0.0029573287247019,2277.0090677714497,5.061900505059083,1206.5452941139972,311.98475295533734,1.2005614826428077,668.9606891206489,668.8296395628275,-14.713560423521455,312.5889567319935,0.1196074945076757,58.2762009629777,58.25429644459997,-0.7373911408975116,727.2502588296977,727.0795118089204,-15.425839007979636,3
37.12902019664958,12.491028340985244,0.0126738305408723,2278.990780027788,4.932146031755094,1178.9452010405496,311.9659363737861,1.2198651662948776,667.2839854901416,667.1101950401168,-15.096746559109333,312.4954910211708,0.119633188117245,59.07814273557248,59.08327723828556,0.4961749448136461,726.3408917696383,726.1921113397248,-14.567877103985529,3
37.36984082427187,12.503077668053535,0.002584257029478,2278.0060182352845,5.031208839020527,1199.9061652360149,312.9250069460146,1.187387485031342,662.8577404302338,662.7112987482122,-12.874644998801504,313.6448805798636,0.1103242516151632,60.04638429012925,60.03158613254588,-1.742001099584897,722.9051428977672,722.7454972205217,-14.577652094184662,3
37.61971266208017,12.51821540149971,0.0001454523905559,2279.994206912625,5.004331913437756,1196.1800368777836,315.6959509749217,1.197850312066169,662.1839954899478,662.0685191700069,-13.057311841106085,316.35964026334494,0.1245064524223052,59.33729010227816,59.33014612243132,-0.8520269096592602,721.5396515606461,721.424445972706,-13.918504052349912,3
37.88006842203028,12.495198369032336,0.0087457572971667,2279.9910089921013,4.93859265264446,1174.6805226406343,312.9559937058099,1.20843094509891,667.0260559261712,666.837878284022,-16.121272709024808,313.43924645241185,0.12709065878131,60.19907377486717,60.19544635410128,-0.331606755196287,727.1988258646567,727.0339378814691,-16.48252894836915,3
38.12048234870345,12.49106138848475,-0.0010822223026763,2279.010475121473,4.9862488518754855,1188.5131679002989,310.3101411733259,1.1702091949619151,662.3457646466159,662.2138773476896,-13.612560095000486,310.8778055206293,0.1182787376950793,59.1946822892325,59.210629558336514,0.2698036943472864,721.5091645451473,721.3983173441713,-13.344317163287606,3
38.38253230993432,12.502123285564355,-0.0076234588586387,2279.008639608948,4.967327884116337,1183.746727027011,311.7635226672182,1.198978202078075,666.6993901154749,666.5303288581662,-14.30946041268066,312.34822379697977,0.1014819430120304,59.23003490416265,59.20035095008293,-1.883246881373656,725.9102392253147,725.730615596208,-16.16894480473637,3
38.65229759205554,12.495494815282276,-0.0038493161456955,2278.022650395624,4.956544536427396,1183.2199927455251,313.20494383073867,1.1755697488434425,662.5113095375879,662.3763775256892,-13.088853385731534,313.7199825037078,0.126787354818897,60.51126530210442,60.48430141374983,-0.4420684527605296,722.9818060608535,722.8678132830098,-13.53552383992603,3
38.900722049037135,12.496888957326387,0.0064110229422229,2278.991529594909,4.97247434683085,1188.5030419732825,312.8671112132697,1.1966855027199097,669.0365926400364,668.9203154554201,-13.467074272698603,313.51222785742226,0.1279312026226742,58.740659179348434,58.734478020452585,-0.2625972782766307,727.7510847494873,727.6302254757674,-13.70607525890498,3
39.13696265593645,12.504119450024705,0.0074578873908182,2279.988381815286,4.938814339113469,1177.098576805285,311.3727267060335,1.1826212333663106,659.2474858578892,659.0963519243062,-13.43899969755534,311.8377426407707,0.1212025981285335,60.69587520617582,60.67992408360893,-1.3271762509745229,719.9488912526182,719.7839835314222,-14.767935306898956,3
39.38967298287157,12.498220456140006,-0.0049647971736947,2278.99793481675,4.970507516552059,1188.5102914502766,315.623853642608,1.2031291558837758,665.5710164940267,665.4875786636591,-10.937701895453785,316.1360968942336,0.1190518055557327,60.31082362865489,60.30254832738434,-0.3053671368798093,725.8835044938551,725.7886412897346,-11.229940959025466,3
39.64012056492695,12.505177611866367,-0.015104006975349,2279.9883833777026,5.044879354486974,1208.137156413608,313.6957782918156,1.204022448595397,665.9605586819073,665.8133827736558,-13.794247861719173,314.275273967207,0.1197748080482441,59.35598136319975,59.3325249410805,-1.397029312082043,725.2961091084625,725.1324406504477,-15.204383045873309,3
39.89655736377814,12.509800547281046,-0.0040185001544449,2278.992474395258,4.912770625010167,1174.1854305033537,312.3569182803556,1.1978864407840557,666.526897382169,666.4265197490431,-11.859845719356292,312.7696633694711,0.1132268077005865,60.616342939796304,60.60996248161708,-0.4614132063377504,727.1374920712533,727.0566967873201,-12.334908338293744,3
40.12861613496352,12.507005616391083,-0.0041909591092187,2277.007313808333,4.984674416829778,1187.4686773345927,314.6874658691032,1.1977347976467825,669.7397971165003,669.6152279657925,-13.14263797965232,315.34134479284944,0.1010622294041977,58.50508411988889,58.49738505775534,-0.6728737941565343,728.2569301795239,728.1083705770583,-13.779625266575502,3
40.381467777646925,12.518526373650827,-0.0046337113337489,2280.9835499494807,4.934799073362194,1182.3795958068708,310.8575589911161,1.214422637397392,662.5549826774019,662.4630043905794,-12.057969777483732,311.3685135035296,0.1151721879081618,60.31975337554013,60.30373628826862,-1.4510734652016175,722.8769254107101,722.7601320295954,-13.513671938878243,3
40.65428329260614,12.495924063913488,-0.0039798363721382,2279.0110415767977,4.955977049048833,1186.1163730072624,315.05256071371707,1.2101502698043038,667.9670682882219,667.7766551606145,-15.649829199244344,315.5030960458882,0.1212204166574508,60.27207955229976,60.265903009327495,0.1094825703505762,728.2256885629296,728.0354984952835,-15.524758690846296,3
40.89083286246122,12.495149768452391,-0.0115932234418839,2277.9947513359107,4.9857586440379125,1190.362375214177,311.7787984221608,1.202085562044531,667.1624066239418,666.9998055793841,-15.736231708447994,312.4157869383704,0.1015402284895259,58.73638032371995,58.73703550881547,0.0256719091643462,725.8815142198134,725.6953987162203,-15.71110262335218,3
41.13833886385714,12.497878028807744,-0.0034518156517209,2278.0110999256985,4.945720174480255,1185.5982767811192,311.44621988492486,1.1869012848001803,664.2799521550145,664.0942079444159,-15.45515700910384,311.9117563951657,0.1180662060017304,61.718468153552834,61.69730428323715,-1.2647558509405616,725.9969561703108,725.8304089679466,-16.751795431263606,3
41.36268751381405,12.49375568388668,0.0004435343557985,2279.979853403439,5.001939294818705,1193.813611661941,311.0938705468692,1.179627125182566,665.766132907404,665.6576339519172,-12.284385677050755,311.6022246150784,0.1110887909831068,59.580592938580665,59.60793533788485,-0.01828186705156,725.3917893255983,725.2684793500024,-12.32114623160356,3
41.595644147121206,12.514377873051728,0.0047226374457079,2280.014910437656,4.966319682808946,1184.2690049956486,311.1874528454593,1.1970063472922472,663.3611893669322,663.2473089365056,-12.89031105232309,311.7368831839288,0.1094931565650597,59.224469953525215,59.20624679304969,-1.74808332207705,722.594365938489,722.4566221232594,-14.660429309977042,3
41.84840726699903,12.496082029189347,-0.0091039252107801,2280.98259987668,4.942255017873037,1182.3858911937534,308.36564026085176,1.1902167962999264,666.9801825416699,666.8450007109625,-14.153346233020129,308.8130682413377,0.1192823713124426,60.81301953758673,60.80186297352789,-1.879214840998641,727.7956321386475,727.6492344373265,-16.047561572957942,3
42.0841126030163,12.494237690951302,0.0069718343633127,2277.992209175476,4.97256221425886,1185.5966429959356,312.27482105859053,1.186985986228168,668.0282131158456,667.8935326464576,-13.354520666819056,312.81130910525445,0.1160825731501231,61.26223956510928,61.26841474513112,-0.7581450188545188,729.3108867579914,729.1489864195407,-14.100806022436926,3
42.36080679533124,12.514505903031043,0.0013091333749079,2279.9926692670538,4.933556850015576,1181.8711962291611,314.10265932229726,1.1950409096328845,658.9786869796692,658.8375046228539,-13.233681689475471,314.71018246097515,0.1220560510502664,58.73764000088132,58.73273238387014,-0.641835309740396,717.7039440934687,717.5778450150866,-13.895238875576773,3
42.56803826064045,12.496639516926455,-0.0070522382742379,2276.987324181952,4.956741482493105,1182.696498156169,312.44873934137223,1.1946146889417195,668.640892465368,668.5070005195594,-13.004440062935537,312.9593465422662,0.1128977424765319,60.69647686860674,60.71255172754248,-0.6980312014404908,729.3367000014371,729.1960781523981,-13.715362447133703,3
42.7859807558427,12.489360808659802,0.0117541507110004,2279.991605667605,5.016751698988542,1198.589353729685,312.08076775794206,1.202615965238122,664.6656439723021,664.4662555268146,-16.548837509033618,312.5736184165604,0.1135932579428724,58.906120487581525,58.87611021729303,0.5075666159130003,723.5246020491512,723.3264982430401,-16.021917953883122,3
43.04959977896375,12.497056980961425,-0.0011206105780192,2279.013952345275,4.926356517186598,1176.576589485796,311.01289711238934,1.1881652965486469,662.8227283191533,662.6886585231994,-12.801440747707638,311.6353408176105,0.1201851509695487,59.413416344219634,59.40752990492773,-1.6340101126208195,722.2252875309239,722.0764080118668,-14.452191010606434,3
43.30224369584448,12.49805236832312,-0.0003550325294467,2277.989350826725,4.981859659270715,1188.0109660745002,312.51466065038977,1.1971628110459505,669.2517288566285,669.1082573357653,-14.279691491384574,312.9910186417938,0.1217684864072411,60.79391709094372,60.77624009756951,-0.5692499180499,730.0428271436865,729.9086404136272,-14.85266010882814,3
43.53322262253595,12.518856029732104,-0.0128929485905625,2281.026436324144,4.955574817050607,1179.9997799025286,310.973289285188,1.1847785893404563,665.5408544755114,665.4163009724822,-13.54471864099169,311.5727077949633,0.1248222614524328,58.22707257348296,58.23751170481391,0.1451363582308378,723.7751018035129,723.6388684991603,-13.437023892280417,3
43.80331833026702,12.484930605813709,-0.0061811181772607,2277.992759042096,4.9617774216692885,1185.6001301703584,312.2622332454245,1.1726320247935906,665.5916596629099,665.4435834986546,-14.179491174454348,312.7732360365398,0.1157745052583412,60.76178511133321,60.75164768498976,-1.611616258815566,726.3623398496223,726.1715261956008,-15.799657713796726,3
44.01272331782223,12.491170221515706,-0.0051061973200789,2279.0111710907413,4.967369362645863,1188.493241835971,310.5739986187453,1.18268970608777,665.2701636197089,665.1419211159221,-13.54561057788228,311.14072310153733,0.1066618654983849,58.61696347213328,58.61689015753001,-0.3184770918418966,723.9004617913819,723.7459123848141,-13.850241065398258,3
44.21917755600573,12.510484930874654,-0.0107553550761263,2278.994411020912,5.000770761778346,1190.9146051066882,313.66956744859334,1.209442408052665,664.8389751838167,664.7294346302518,-12.1632801151811,314.23563363659474,0.1151535171485626,60.06249545076405,60.057242567174704,-1.8876526206806103,724.9188682333886,724.7686295340303,-14.065409687257278,3
44.46952292561273,12.493100609603031,0.0050157902498419,2280.0053296665906,4.988577507429499,1191.4453992721442,311.6412374604391,1.1919085296932934,662.1865680889952,662.0595199143225,-13.772070682353196,312.1023973388049,0.1203958672840036,61.175875600411416,61.15325144721987,-0.9392836044559152,723.3617721489634,723.2125810895352,-14.710522278829536,3
44.75895504295134,12.499013388082446,0.0053428891250559,2279.9954094192744,4.959069330294173,1186.6406829395987,309.96676400955545,1.1902152301921427,664.7892421505564,664.6061460978798,-14.581415789496432,310.6015331842035,0.1198142777950564,57.94706214113816,57.95030818120058,-0.5666534587019144,722.7073705594113,722.5602058630761,-15.134625984127789,3
44.99104252392404,12.490002910191944,0.0180507039828305,2279.997231370735,4.948051077472841,1189.038251009811,311.3602839629825,1.201040211424007,665.0056617511607,664.845089985546,-12.960944890122295,311.8806392381474,0.1091945125965232,60.42040874945198,60.40925677922829,-1.7843259618388825,725.4187850863276,725.2667288401303,-14.762115391218446,3
45.2309597068827,12.502519579375347,0.0117452796096192,2279.0096066615583,4.949711666685878,1183.7327821165632,309.70010369397176,1.1878087158727224,666.926032368371,666.7311245984744,-16.43451512941945,310.3832355558098,0.1125191113395285,59.00145229111581,58.9894828171217,-0.2658394809554044,725.9065900067808,725.7047902596976,-16.693550940365466,3
45.44800351143929,12.502212996626469,-0.0188571991745612,2280.00977980867,4.953748100203836,1184.2485690910005,311.9753213865862,1.1929384039007205,664.3202218820808,664.2349016419358,-11.490922547781803,312.49793584107044,0.1093804630522686,60.91534600340158,60.870160493856986,-1.7766235442620422,725.2277854149708,725.1207177066896,-13.24843181512654,3
45.68289177287627,12.518115634130131,-0.0140131677789906,2280.014075113196,4.9445755551833,1181.8602961523295,315.46752427708617,1.21503039608109,666.8264545209305,666.7113785169948,-13.085699168212262,315.9300897938238,0.1219986373094269,60.057022600613216,60.0313468436681,0.0392689980416938,726.8626661577819,726.7530480628299,-13.058068347144038,3
45.95203734364399,12.498722554044402,-3.554377162013142e-05,2280.0134843398764,4.984009475746326,1189.0278798537847,312.18397137440513,1.2026735818032264,662.9727610409699,662.8734190379431,-13.16770733922357,312.78684391325754,0.1101790805984046,59.25793065003309,59.23335910756503,-1.9326101881870963,722.2534394325941,722.092568878445,-15.092201025324355,3
46.144803703193816,12.512738032856934,0.0011699722882272,2280.008680341032,4.971082907805567,1184.2469894520416,312.4038243991479,1.1965321278425654,668.1766164226884,667.9807968477302,-15.944585328126356,312.7846309776171,0.1223055599103307,60.23176027428144,60.22200918439288,-0.2804934700881485,728.3690685126916,728.2028088365477,-16.24348678818816,3
46.374919745086736,12.499772111554616,-0.0055463775232655,2277.0039695872565,5.015296653907883,1196.9920015371722,311.8512994751136,1.1809219175929104,663.6592108039969,663.5435001584474,-13.220589023194895,312.5191265738949,0.107609606912213,59.11753535860676,59.09641130212806,-0.8717450381249761,722.7667894925456,722.6385652042507,-14.12208914811783,3
46.671032814519805,12.50995798582594,0.0047019216147302,2279.989985572511,4.9040522948374425,1172.3193536629376,312.11278655247816,1.20853206833617,664.4960413135208,664.3376222280384,-14.600993699129496,312.6479218190448,0.1140885925340701,60.91348748930384,60.90198647453099,-1.8179239274052788,725.4211322587132,725.2255167135295,-16.4171985593867,3
46.915247717333735,12.51564136011996,0.0029890617698877,2277.994386830568,4.973837639064339,1192.7601087344087,312.4804084386745,1.208468682245378,668.1958406833985,668.0506903669456,-13.668164000468993,312.9682687055268,0.1136067078899925,60.26601344960734,60.2973939707756,-0.0805896343758847,728.4764601077705,728.3300704528846,-13.775623007027026,3
47.13930665904133,12.512783758447862,-0.0048681770530285,2277.9927551225173,4.971817827923852,1185.5833410502505,310.840798684668,1.1779185611415968,662.2344270802424,662.1308441677236,-12.272581356651626,311.3502194615841,0.0921170918237607,60.01733634627794,59.99939291136249,-1.7121170993287989,722.2650879752503,722.1122221055766,-14.008925902771024,3
47.362032355884295,12.493066554120698,0.0090437382059413,2277.9859525034094,4.9832320968848105,1190.37263974361,312.44002004860766,1.195296345672125,668.6491803487527,668.516361366009,-13.884684795541222,312.96589982815124,0.1187374662151598,60.22505939878809,60.21399287316751,-0.2647977960705027,728.8912685535731,728.7418354698076,-14.13963677959683,3
47.600937992635664,12.512236266240745,-0.0042976294559394,2281.0079056427503,4.968821342030077,1189.5458287100173,312.253257411815,1.191199304651919,666.69059632974,666.5525695365391,-13.242252569016925,312.9374230598669,0.1236855901831674,58.72188742576429,58.72540542126058,-1.2975802119611626,725.429705632634,725.2965594631604,-14.527520387484367,3
47.85435939569637,12.507868542680407,-0.009467228656895,2278.01188235963,4.984683113479114,1187.982047707888,311.29927250277296,1.179298570718286,665.0258216603057,664.8797756540389,-13.8229214638774,311.8244547125358,0.1183903791761155,60.47964029380453,60.48424068574739,-0.6635659524652576,725.4897130200928,725.3508896689825,-14.493817159058716,3
48.09911672094295,12.517225080790416,0.0115820984755089,2280.001844381487,4.9771728446006565,1189.0254447792615,310.9354813668761,1.2083748214768295,668.0237603651683,667.8941145952632,-14.73892546875542,311.6345900814326,0.1206255493784729,59.14491416196308,59.113095049419385,-0.6278742445062435,727.1573339260322,726.9846446511909,-15.362597236613722,3
48.34100122004687,12.505917867386229,0.0043631118722628,2278.9974931051324,4.998299525749991,1193.2927240721267,312.2328209144809,1.191244276499808,664.6665765988913,664.5517143840685,-12.315859822873824,312.7118936140312,0.1161110011252971,61.01289887272405,60.995889058740325,-0.7617134896666888,725.6682560887203,725.5489410000548,-13.084837533875705,3
48.55176981981587,12.514715467456924,0.0035323916768826,2280.001577869094,4.985436829472484,1191.4230100682291,310.42118517081127,1.185861274216938,667.4854306124064,667.30861128793,-14.657531312629128,311.0157083277319,0.1274986792487657,58.568981407040326,58.57925337121365,0.3696499601473452,726.041303217081,725.9011564401981,-14.298442437165932,3
48.81814712365098,12.504909074802308,0.0026884305238383,2278.006336456769,4.985389127282359,1187.981233959725,310.1620555360393,1.2056160921461343,665.2097715192224,665.0506101076862,-13.895139854859735,310.6688356980682,0.1046503787101688,61.00494152327164,60.98076740963865,-1.6706689668112358,726.2041612074161,726.0394429918824,-15.557056012367273,3
49.04768461528799,12.491743540028637,0.0022925105240491,2280.985913237368,4.972418423786728,1189.5585761037755,314.2367086467939,1.215793911297838,665.8016467514055,665.6665447036738,-14.069083505174762,314.7352636662754,0.1233039148835539,59.78854946402458,59.74980125956653,0.4953694662019504,725.5649537929332,725.4298947859997,-13.554769327518544,3
49.25444387333615,12.510121425492152,0.0116491627306851,2279.001248088241,4.939244426460469,1178.9594907536114,311.1047228240775,1.1871452451080358,668.86664482071,668.7014531826715,-13.519048247644616,311.7651536164445,0.1068850495523195,58.907715844360986,58.89878217788193,-0.8872761185995212,727.7450373997203,727.6100030188765,-14.42203118426897,3
49.49723906801261,12.505040004176948,0.0038433016737225,2276.991567134081,5.000941119092295,1194.6042491832686,307.770651120309,1.1907176375764574,666.1639019391566,665.9702473363574,-15.414023793934614,308.288413137629,0.1077474706418617,59.574405601779496,59.560291987955246,-1.1380331098927234,725.7555178751679,725.5425830413354,-16.546601739137756,3
49.74037331955898,12.5009578674302,-0.0145825446337252,2278.996794055813,4.983828424751335,1188.5072279410597,311.7375610023858,1.2041412521957606,667.7968979638457,667.6143344784691,-14.814339732291351,312.3240990061101,0.1046260762788183,59.40473848191914,59.405161704295104,-0.660479657529393,727.2174261387388,727.0471119859905,-15.493294619128712,3
49.942654432557454,12.503967049053458,0.0277051720116789,2276.9937445031123,4.976744048224552,1185.07107654952,312.2863727830812,1.190895302464717,661.8524659660262,661.7269279520553,-12.689385210751311,312.94425628492047,0.1104487695859016,59.547883766444535,59.499296424301264,-1.681735115571232,721.3841128000798,721.2480534676661,-14.396188800650831,3
50.20752085169424,12.493164453209584,-0.0223607059710576,2279.9818200183013,4.941036681009528,1181.866324902783,314.38884291722434,1.2172471654296022,668.3082796524526,668.1698645532058,-13.607627869156826,314.83187703993497,0.117399924667753,61.04033363234512,61.02530604445968,-0.9062565619498444,729.352953846504,729.2091012888542,-14.51950438883469,3
50.442038075663255,12.49783842959028,-0.0070375525728628,2278.997429275733,4.957326467517505,1186.114756453856,309.408087166992,1.1776764518870226,665.7547637236773,665.62802665558,-13.28502650165816,310.1192926077466,0.1212360517466945,58.29141900065703,58.275941157026224,-0.9436391395092468,724.0461415229469,723.9202194887852,-14.231538400326787,3
50.65284512080836,12.51466766601358,0.0013882793611523,2279.998215756185,4.948978016715367,1179.488189811024,311.32023225728125,1.1955649897617358,665.7554563879395,665.5753640311411,-15.253418801461557,311.836368329139,0.1158125263096553,60.43594472272952,60.39581213247941,-2.031876059914726,726.1906857862413,725.9637773270412,-17.305421619605347,3
50.91537032022477,12.502594336040664,0.0025104547125382,2279.9916364169912,4.972532521069863,1186.6456395242835,312.27604434480713,1.1814957088411426,663.5294139001204,663.3738731390973,-13.823890907577567,312.7211113786888,0.1168154724862068,61.0606712726778,61.07904936173706,-0.4551645545448564,724.5834084101157,724.4335506821675,-14.2722000020784,3
51.13629028119202,12.514687666406768,-0.0079733439843963,2277.9942007904588,4.997118170483477,1192.7741220105308,311.14474603781423,1.2098013487923744,668.1851190235877,668.0822043019414,-12.625255211131892,311.6041862291141,0.1320111510022233,60.34151316154077,60.35782981627899,0.2440652343043751,728.5175503811377,728.40208270511,-12.3848647623837,3
51.43233746084553,12.500985442348174,0.0145045997657984,2279.993727840179,4.968555847376586,1181.8651369265149,310.2620249397381,1.1779358606238517,660.7672673323602,660.5728241572656,-15.256919270269172,310.84393607833823,0.1093044332221323,58.91294147678834,58.88861494411769,-1.4805592196180206,719.6675151261599,719.4862697636124,-16.76206990231933,3
51.67316013061576,12.496242324178084,0.0106141230784158,2279.0095165950715,4.931455060492218,1186.1191419795523,313.0060731473381,1.2053924941664889,664.7825581282166,664.6253012385118,-13.32662005249558,313.45231697582506,0.1239631077089602,60.397912611312286,60.387437415339626,-0.5411863106588102,725.1701425594862,725.03927091817,-13.878643231382693,3
51.89127463786021,12.501091008984298,0.0074670140894865,2279.996805912895,4.956987611046988,1179.4870662925705,314.4276494505048,1.1918290756157164,662.2704945684254,662.1319071955686,-13.6984091567677,314.9913152586212,0.1133061733041019,58.30653346144422,58.28341904994252,-1.5008141760752816,720.572276600864,720.4162787864669,-15.184623394800134,3
52.11159682500104,12.520352831654847,-0.0024698110999208,2278.0079448356337,5.006218321781615,1192.7577235458898,310.79975433516034,1.1799979404987702,665.0104782825073,664.8427449686607,-14.23240039249592,311.26674526396266,0.1194437565483238,60.38134795940681,60.3362310355061,-1.4648984524900783,725.3494607629767,725.1725964239221,-15.689758626711358,3
52.34426816440672,12.483018599790416,-0.0026111514858128,2278.9815180361825,4.999740894354951,1195.6643406479209,311.3487022693045,1.194540895038732,668.1016159454882,667.9288824016047,-14.364709903333445,311.84773343921034,0.1093738871937275,59.62368672705982,59.61904728165037,0.4197611726439655,727.6726738368973,727.5492067237423,-13.937600929790808,3
52.59968553074022,12.503645265157129,0.0017543040255034,2277.9811904176654,4.984367328302365,1187.9892903929965,311.13480838204765,1.1937530570475685,664.5698509369029,664.4436397889314,-13.379565914263184,311.6327082870008,0.1094227651494413,60.12011946129163,60.11165275322463,-1.575139928935178,724.6791509692483,724.5289495873747,-14.977950553707505,3
52.81687639688136,12.51304348377304,-0.0014377588114063,2279.997147979197,5.008904024948427,1193.786732773183,312.1713036282662,1.1861418324292126,667.3097782313589,667.1561767747451,-14.221569870171844,312.66168148865927,0.1290455558393116,60.02966500084225,60.02747152718246,0.0342646609962606,727.3211881822515,727.1940997628237,-14.231495973110055,3
53.06170892738388,12.514406141267694,-0.0140772648038337,2278.992046789074,4.951627885969819,1181.3525726283208,311.1917555041487,1.172174368643781,662.3552019835357,662.1832848032973,-14.822942342429087,311.826059336125,0.1118850208834554,59.30863747353309,59.2894831179511,-1.6373916381906148,721.6468845299428,721.4526469558656,-16.45926361628738,3
53.30001217439034,12.495596782954411,-0.0070744623522332,2280.021178323719,4.960714443834055,1189.0251017389012,313.18543489719445,1.2149000798734126,665.5164548890507,665.3901180847905,-12.643928619600423,313.6749491202414,0.1376290773248179,59.66456535339205,59.67653019736096,0.2659751269592623,725.1660169308758,725.0455756957866,-12.371141813573292,3
53.50726829814096,12.494458121900868,-0.0042118057750527,2276.990860191204,4.968089776478865,1189.8346840564857,311.9315247191767,1.1813391021184212,661.9800254830067,661.8425953123875,-13.20057968856764,312.5088266599295,0.1068248537490917,59.87985265332193,59.86376487352664,-1.5821061555911542,721.8547736151856,721.7075926355596,-14.82019310695686,3
53.769571885690624,12.50973246168646,-0.0006484277210176,2279.998875358137,4.938081624306677,1179.4664263549712,312.55231475614937,1.2030054671976464,668.9747543847726,668.8573750482726,-13.206299599066009,313.1315613732262,0.1291582352934993,59.32153536262476,59.28580203680093,0.4324606697125895,728.2733444093029,728.1540299212735,-12.77731103185884,3
53.96657328004381,12.486178922044054,0.0030303134006608,2280.001994478788,4.958826773841602,1184.2445337915085,312.3262542008244,1.1959679283257318,663.8068657467738,663.6429013711975,-13.839267554251096,312.9225086196547,0.1289112975780583,59.371730315961095,59.351755706773126,-1.7593605221391615,723.1776151081643,722.9881745601933,-15.626748264887134,3
54.20884676320635,12.517903623640024,0.0252732821176262,2278.992799133691,4.979710284678436,1190.895179586524,311.8101914571085,1.2129566409768098,671.063883929219,670.9221564186969,-14.170910134882249,312.27822887218275,0.1102703277741838,60.24692772926376,60.20808571049746,0.1119464175238854,731.2645194280991,731.1347559138724,-14.060724156835056,3
54.44223024546422,12.497601246449708,0.0185131767402383,2279.000997489066,4.950797628257976,1183.745966119356,311.66948745049496,1.1933132377827669,665.3707918766041,665.2481382548855,-13.59175621379968,312.17889606321785,0.1170818494728571,60.871347224277365,60.84513246148515,-1.9269797895466143,726.223108845415,726.0609450505734,-15.526889379687455,3
54.64286377384977,12.501618109516116,0.0065824014198668,2280.006374855945,5.010819231220358,1198.583172643206,312.2060968174607,1.1930702482001077,663.9359045072291,663.7988714721378,-13.55506251995208,312.686627652207,0.109973189811173,60.560750341118585,60.557825578537,-0.7637442801797866,724.5120745200154,724.362247600561,-14.301416264846564,3
54.85945477908618,12.491358822288506,-0.0026948218224514,2277.0157961486666,5.019934039626216,1194.6257991651569,311.62760262597334,1.1889290825439622,660.9301297672201,660.7569847496217,-14.238560224504091,312.2626039109831,0.1106959173095317,59.20596174436523,59.16015442891182,-1.6542851893017938,720.1305590776733,719.9325916667116,-15.8876972518202,3
55.09879136568853,12.499615278708472,0.022004346771354,2279.999526461442,4.917646142704939,1179.4599300460416,312.01542674764016,1.2071548723375298,665.0459144577169,664.8843914253564,-15.223836572590608,312.41299126603025,0.1168379824787199,60.587448624474966,60.58391196694188,-0.9138667938223958,725.64405255078,725.4568601126563,-16.13717873426385,3
55.33892257711547,12.50020905906996,-0.0062559782437578,2278.0089791728883,4.947582555784015,1183.2134337402515,310.8837384245787,1.1907785692731758,666.039147966495,665.867675011973,-14.24058993673957,311.5343757739088,0.1087193143578251,59.37931000501886,59.3686204527328,-0.778039096592863,725.3888871182185,725.241752538489,-15.007656471772249,3
55.589297144564654,12.485166135792191,0.0037057347364164,2279.981500249943,4.958714186445938,1186.622389800039,311.73752325493206,1.1933120467836371,665.2907051530709,665.1595578654546,-13.192060984440689,312.2051774079033,0.1106617196687398,60.56920069005783,60.5723827209356,-1.2025448488755437,725.8739932679774,725.7244221381883,-14.397072996793186,3
55.83145385572404,12.492412746758369,-0.0090010146162986,2278.995233503549,5.008657292011957,1190.891587213418,310.49590558580417,1.194264128185741,665.1976224791681,665.0930921448147,-13.493001528006898,310.9643718982071,0.1019496671120354,58.65038492192228,58.63233508196998,0.3615865585032549,723.8511622335441,723.7295800900748,-13.159953402077448,3
56.08374458618634,12.482672923005053,0.0127898179200904,2280.009170515226,4.958003633147456,1186.6286853742006,310.5124862956072,1.1980898599841796,663.7527579744216,663.5990687741994,-13.800545077545594,311.06170167607524,0.0989055868106096,60.83765385521568,60.80249068262624,-1.6900219044627844,724.5752354322755,724.4117604252403,-15.497513510879427,3
56.32443374184788,12.493160538170445,0.0029203386904038,2278.01988342096,4.953886400361274,1180.848601113426,313.2998745513566,1.1993847437293208,666.2826016720943,666.0834176260619,-15.467179966873752,313.82789498323604,0.1084138081506765,60.532641946822295,60.52906414400841,-0.1298620830982179,726.7796381416556,726.6103877039899,-15.571176324037047,3
56.55155972355302,12.504975222437295,0.0012316397195735,2278.9831223442925,4.959272634388968,1183.7139659825375,311.66772521274333,1.1727203272935356,662.4944182754914,662.3298195670574,-14.00204923275208,312.26705235263046,0.087475327324744,59.33983131795771,59.30013559900316,-1.612388543305589,721.8065551576136,721.6278504270856,-15.610798699660997,3
56.788626761563314,12.487578453790254,0.0039513073330143,2278.0003728213087,4.9544224855659085,1180.8229780639997,312.38770963461707,1.1893745375065488,666.5526483888625,666.4224409509127,-12.484585007187016,312.80092040024067,0.1208015902243568,60.535758105165165,60.55207775682554,-0.4367396722288333,727.0653728064623,726.9680062653457,-12.911926712808697,3
56.98239131340436,12.483292330720484,-0.0063911718347201,2279.9975344265245,4.956215980614218,1186.6457575704092,309.81851702128824,1.212274541493487,666.6914736287038,666.5698219391153,-14.209762738416387,310.4751092204517,0.1020478586975157,58.659843696633786,58.67999408872669,-0.505053747064096,725.3953106430966,725.2317969259217,-14.714162645441345,3
57.25319288225657,12.488578606143276,0.0154161431987571,2278.011252165414,5.029925465361731,1197.5240582459644,312.3190236841872,1.1948214023903925,663.7174012423636,663.5860525789944,-13.410274845003812,312.76991811643853,0.1277484953770119,60.23585916963847,60.21859991374497,-0.1346723049722301,723.9410105869848,723.8118282340347,-13.553113826234611,3
57.45645800036617,12.499894490140392,4.150479903040833e-05,2278.010556868994,4.994859990005076,1195.1455311458517,312.37752924703386,1.2018920898598389,664.4884548834401,664.316482956165,-15.026540047374455,313.0792458488243,0.100298382515797,58.848439350968434,58.818155960476325,-1.2152534749333772,723.3341477656902,723.1612864650766,-16.236733019063514,3
57.7176637190038,12.506249660434612,0.0073849499590222,2280.9904013510127,4.965294702430721,1184.7714384444262,311.2478809303716,1.1847701286836516,666.8841368982521,666.6796038232532,-15.829711640847108,311.7127015697073,0.1171795512886412,59.58777811301727,59.58370969006581,0.3517032057512893,726.424209891039,726.265696906299,-15.497210360404452,3
57.96060043358422,12.513529506184902,0.0171489844016893,2276.98979962865,5.014492990958193,1194.6394862193208,311.66186782997687,1.176232204016738,665.5412841245854,665.408741173066,-13.929908152644389,312.28278059579804,0.116881896717353,59.746261776512505,59.74814150925692,-1.7483141368860662,725.2933479778757,725.128559763032,-15.699632924558252,3
58.221898640268016,12.49526636265255,-0.0204411075411369,2279.9986210750453,4.97467453418321,1184.2470120639375,312.1083225479008,1.207697347996154,664.3614424649504,664.190981138732,-14.383822338946093,312.5639563037151,0.1237590591267733,60.76390824971675,60.74685373284771,-0.1288260235830277,725.0836055302543,724.9595387517198,-14.473151365756449,3
58.46077496072301,12.49406415660977,-0.0170643149200137,2278.000907335385,4.962585621777552,1185.599705502519,311.3718151016768,1.1876820450365089,665.2715837129401,665.1776535649673,-12.24276174394308,312.0554452376172,0.121413742083087,59.340951660638254,59.3460283253209,-1.0796980962888476,724.6189147191686,724.5127928369639,-13.330007157486396,3
58.71125247599634,12.50474583370823,0.0096385894842337,2279.9925165162936,4.945356328771698,1181.8581358127838,311.3925855058455,1.1928742876033511,664.0034090734418,663.8711113580916,-13.585753580953934,311.8954708730798,0.1094758249852461,59.59967782001424,59.57073729848973,-1.749977683105157,723.6028706580918,723.456011547355,-15.348223324781396,3
58.95417463607725,12.498993677467167,0.0148410060707666,2279.9842352099627,4.953856945104272,1181.8660500921385,309.95566871885086,1.2277860275241064,669.4393299022513,669.2169189964083,-16.83211237508253,310.4617306495369,0.1152845946071928,58.993076377260586,58.99653510746428,0.2072783695819023,728.3928274866622,728.2176297796346,-16.633794188344485,3
59.211276006503816,12.484173286524117,-0.0098594390165378,2279.9860361334167,4.975880527803477,1186.6566089664802,310.9586066489538,1.2035241733544917,666.4413953705439,666.2843395695314,-14.046255713755375,311.4988048552975,0.1149190648118125,59.91432308390077,59.83898563444356,-2.0143520987558734,726.3129699899421,726.1671729323168,-16.090180848055915,3
59.4730363060796,12.494704723643766,0.0152283814915294,2280.011285086024,4.968648066608661,1186.6210282104312,311.6272420333525,1.1989806198618806,671.1650156732361,671.0491386515117,-12.800004594488591,312.1193396724648,0.10530938100269,59.734255188213616,59.72556383561517,0.0497753901358254,730.8710815885346,730.7496675750322,-12.759627951803042,3
59.70792248573034,12.510836282744217,0.003526700700997,2278.0067731326258,4.9139579137054,1176.0629309644755,308.4335716255348,1.1786579342176706,665.4068995535648,665.2290839364416,-14.333225244414423,309.0316370204678,0.1119323471752773,58.6330369173963,58.624539848493455,-0.3954710144952413,724.0408844478853,723.8721150749683,-14.696255585211183,3
59.95922233334297,12.493185625259123,0.0008511661573758,2281.0034147581564,4.952446212562461,1184.7574367289787,311.36608635265924,1.1853506626768933,668.6101623782187,668.4337738045706,-16.02656305278878,311.87198121208024,0.1132612030089877,60.10715812515135,60.10111254510213,-1.0736044368957072,728.7195792675022,728.534081686112,-17.122164167125018,3
60.23036717001762,12.498524856420046,0.0035478120035904,2276.998731753893,5.001657620542321,1192.238696969298,311.20533006289577,1.2053348114514215,667.760217442006,667.6376268562021,-13.39407149124878,311.6967124838733,0.10105761351454,59.00378660937398,59.00268299461219,0.4008046836949245,726.7391836510275,726.6253476456942,-12.989008950617828,3
60.47916898168419,12.500971237587962,0.0074172239048104,2281.0183894188017,4.946689859433866,1177.5948446542243,311.8101989895834,1.223531332741466,664.7706351831747,664.6437638980368,-12.049796288070622,312.3674620025576,0.1041436244105252,60.8600098909671,60.84038059887599,-1.935558629858487,725.6286743885464,725.5053467071574,-13.97460616220383,3
